"","X","Malignant","Myeloid","Oligodendrocytes","Neuron","Astrocyte","Endothelial"
"1","G12B",0.169393181622772,0.0775796024266728,0.136422513397273,5.5595578260329e-07,2.49223531039608e-07,0.616603897373969
"2","G12C",0.219633191244703,0.0879422568135791,0.127295123313685,6.60201045309592e-07,0.000191829183996723,0.564936939242991
"3","G12E",0.142817125341317,0.126508626137055,0.157058145293774,8.21142678308373e-07,8.20947160342147e-07,0.573614461138015
"4","G23B",0.263310498207561,0.0579372844181457,0.222312156602094,0.04716074211692,6.14583291064086e-07,0.409278704071988
"5","G23B1",0.311973052597588,0.0667133609168461,0.217694062708468,7.39101198137278e-06,2.15865179272806e-06,0.403609974113323
"6","G23C",0.249433173010058,0.111060535966722,0.244214440379037,0.00802510441224699,0.00520689782943523,0.382059848402502
"7","G23F",0.242774979226649,0.0627781867598258,0.273365099487863,0.00239473014723662,2.49277389127864e-06,0.418684511604535
"8","G29C",0.26201733363757,0.00400572674292264,0.15339105738074,0.053993708920236,8.62828148006911e-07,0.526591310490384
"9","G29E",0.325670680838224,0.00472503397569058,0.13659799424596,0.0542420124418184,1.09520863907908e-06,0.478763183289668
"10","G29G",0.361233058963822,0.0322311063972208,0.0918125112998415,0.00662095162829704,6.06542933820975e-07,0.508101765167885
"11","G29H",0.271015105763981,0.0256864701197748,0.128667700790356,0.0587115601955429,5.05512930679204e-07,0.515918657617414
"12","G35C",0.071873432037312,0.367049629987807,0.0754975781360763,0.00976977243650941,7.8299037807957e-07,0.475808804411917
"13","G35D",0.0370599722145496,0.390774459289463,0.0573845915489244,0.001600717905388,3.16732214124875e-07,0.513179942309462
"14","G35E",0.0166936823113306,0.492570355329759,0.0242349123716117,8.12135789250799e-07,2.76967158187867e-07,0.466499960884351
"15","G37H",0.318592431082336,0.0501574722135486,0.233469693650888,0.0243468270587838,0.0117645271802892,0.361669048814155
"16","G37J",0.377221138954535,0.0239434329702788,0.264171168146575,0.0277347058377784,0.00468092283098172,0.302248631259851
"17","G39F",0.0887901082029469,0.00276905838377493,0.167937639824985,0.225243648706538,0.00370021814040375,0.511559326741351
"18","G39G",0.106878581616778,0.0052222319897472,0.171897824742774,0.166892989718685,0.0172655819544429,0.531842789977573
"19","G40A",0.183160039105135,0.157967684562442,0.0369482149558606,2.10721620667018e-07,1.9648565651865e-07,0.621923654169286
"20","G40D",0.210934456117179,0.120256123780389,0.0411026344187942,2.63010817140703e-07,1.45027003743166e-07,0.627706377645817
"21","G40E",0.0632106690624692,0.173406781744806,0.123817534632024,0.117058554889026,1.47973154781341e-06,0.522504979940127
"22","G40F",0.13948656006847,0.176433105907812,0.0759242285674829,3.19100725971101e-07,1.53474306718155e-07,0.608155632881202
"23","G40I",0.133583811731002,0.140319059299081,0.0221813407141254,2.25277510520757e-07,1.6369230843502e-07,0.703915399285973
"24","G40K",0.125906659634575,0.209563352616927,0.0697104398501868,5.21176742051257e-07,2.85213494572175e-07,0.594818741508075
"25","G40M",0.114794967774846,0.207997150908032,0.0937094165512886,4.02143805114246e-07,2.89937203461378e-07,0.583497772684825
"26","G44A",0.331372171433616,0.0610770634761867,0.0393741837961029,2.74545722812165e-07,1.67130657017418e-07,0.568176139617715
"27","G44F",0.253278958440695,0.0596340902286885,0.144634444313099,9.02649274273086e-07,6.40698013742847e-07,0.542450963670229
"28","G44G",0.247218943418602,0.172604957170602,0.076652877741667,2.94296879156238e-07,1.90698614670639e-06,0.503521020386103
"29","G45H",0.179490853070183,0.108030175672115,0.151102595413829,1.59091831661686e-06,3.14998819332065e-07,0.561374469926737
"30","G45K",0.262410642733304,0.0352069139441565,0.159488988580827,1.01063584321247e-06,1.66862870017329e-05,0.542875757818867
"31","G45L",0.0897613652484567,0.192518830193369,0.21593182082341,9.12171139314261e-07,0.00173186717087198,0.500055204392753
"32","G45M",0.154411792814621,0.04900385465891,0.299059890650482,0.00406546430613109,3.42201428196647e-07,0.493458655368428
"33","G52B",3.51690079950516e-07,0.00037429819936288,0.297540220360543,0.34800882571537,0.0201352495988449,0.333941054435799
"34","G52C",4.18508365965287e-07,2.30244022341403e-06,0.687730759769451,0.0923789552219313,6.52754834319225e-05,0.219822288576597
"35","G52D",0.156699723645411,0.0523442918857585,0.393897806390202,0.00240683909155732,0.00229695142117705,0.392354387565894
"36","G52E",0.244580374736511,0.0813853763099635,0.217718857724897,0.00154108688344893,5.46503323184005e-06,0.454768839311948
"37","G52F",4.61983514279309e-07,8.69663845252059e-05,0.5143269697875,0.19637036975839,0.0188987901245778,0.270316441961492
"38","G52H",0.279626579553237,0.0698210179659948,0.144580124716041,0.000457615870700573,6.19700546806742e-07,0.505514042193479
"39","G52J",2.17825531872618e-05,0.13495017870415,0.432996121529779,3.91688083999528e-07,0.0106931050980416,0.421338420426759
"40","G53A",0.0282121946915487,0.551963709454336,0.00317062504732236,2.97736732158408e-07,0.0184300842399053,0.398223088830155
"41","G53B",0.0800936262872286,0.101903014215705,0.296385872022692,0.0500054343958988,0.109755914735478,0.361856138342997
"42","G53C",6.92762691649975e-07,0.00334633396458383,0.184809916266372,0.471468634170265,0.0472927928637262,0.293081629972361
"43","G53D",0.329160983033947,0.100045410448581,0.11648843242053,0.035342845769521,0.0191071711709581,0.399855157156463
"44","G53F",0.0422362122293789,0.28905402404039,0.122955824490255,0.0179089875308619,0.0573756759409151,0.470469275768199
"45","G53J",0.140906745420272,0.139312051789105,0.10583549519119,0.0292649904468279,0.0541695744988028,0.530511142653803
"46","G59B",0.185578448969484,0.00780620711042013,0.154007528045767,0.0415156071816454,0.091994862366553,0.51909734632613
"47","G59E",0.20723654344414,0.00985374583928925,0.179834537859306,0.0630880492710081,0.0767315622182767,0.46325556136798
"48","G59F",0.11902707137904,0.0202332979124257,0.153264955289866,0.0659953422459143,0.0704515297096203,0.571027803463134
"49","G59H",0.194742548836204,0.0255751045534531,0.153995457674923,0.0658790706917814,0.0709444378514506,0.488863380392188
"50","G59I",0.207701976545445,0.0362186979297002,0.156068550913875,0.0512067166071416,0.0308517143596011,0.517952343644237
"51","G59L",0.221164957268889,0.00701064691960925,0.160502572637964,0.0925107819128598,0.0173402298966313,0.501470811364046
"52","G5B",0.150702094172209,0.202428438538019,0.167368498588324,9.3637978194079e-07,1.04019513348007e-06,0.479498992126533
"53","G5C",0.117684577244743,0.205797347784766,0.163146480526032,0.0271579904006443,7.14557017895516e-07,0.486212889486797
"54","G5D",0.236876199079937,0.157776711817824,0.0859847015416884,1.345695322681e-06,2.14081324363009e-07,0.519360827783904
"55","G5F",0.0138524317130585,0.236709178139387,0.277363697045811,3.08277100109355e-07,7.55912671392448e-07,0.472073628911972
"56","G5G",0.173482544449532,0.141027195369544,0.0931297689709565,6.50159056912946e-07,2.13919349175184e-07,0.592359627131561
"57","G5I",0.12062920087585,0.213721203584131,0.104029301807324,6.1334651742562e-06,7.20288832549838e-07,0.561613439978689
"58","G65A",3.66075291039741e-07,0.770578049971484,0.0538064401739784,2.39941223132078e-07,1.47901335858227e-06,0.175613424824665
"59","G65C",0.260584256924893,0.157129217617992,0.0866482990939894,5.65537507996291e-06,0.0482074894383537,0.447425081549692
"62","G72A",0.130904179138326,0.283613510494926,0.0796417695272182,4.39905231098965e-07,0.000858809463362899,0.504981291470937
"63","G77B",0.391092957512304,0.00643310338660283,0.179377058324208,0.0105046804394074,6.89877330786089e-07,0.412591510460147
"64","G77C",0.346245879653068,0.0229179346092474,0.145969987291116,0.0030148060845355,8.27084965450778e-07,0.481850565277067
"65","G77F",0.293800891146861,0.0196586382332111,0.18153906810268,0.0310577007712937,8.50592970343296e-07,0.473942851152984
"66","G77H",0.301018494714225,0.0286476141584867,0.163045159413754,1.82948308690237e-06,1.67696597217704e-06,0.507285225264475
"67","G77I",0.325296499313982,0.0265871139216475,0.156192030035435,0.000136792610331993,6.76657690745613e-07,0.491786887460913
"68","G77J",0.168969692180576,0.116139215134214,0.172570261062854,1.16625395730051e-06,1.04221707682266e-06,0.542318623151322
"69","G85I",0.395404016810767,0.0766619850906281,0.038241310403684,3.08931833035074e-07,0.0215871412767889,0.468105237486299
"70","G87A",6.81286043308708e-07,4.53474314770589e-06,0.32074857438978,0.365682354977892,0.0744110186662116,0.239152835936925
"71","G87J",0.0693461855378187,0.00323539738044392,0.237162652455805,0.255470807374166,0.0601697524316436,0.374615204820122
"72","G8A",0.394293568046586,0.0212682827861747,0.167995319156345,7.78727334960541e-07,3.3877908840312e-07,0.41644171250447
"73","G8C",0.299127080133744,0.0555318901781169,0.177122226717234,3.59155420235991e-07,3.03756222539662e-07,0.468218140059262
"74","G8G",2.88141527096349e-07,1.11849925274071e-06,0.184462339624362,0.569321780324949,2.07002894081895e-07,0.246214266407016
"75","G90D",0.435222099971173,0.0555131846440342,0.146153879666812,0.00608768577869382,0.0130008318047623,0.344022318134525
"76","G95E",0.130541908072447,0.00665335274868511,0.17759386942929,0.129807924236115,0.0756921416571549,0.479710803856308
"77","G95F",0.0971302229225206,0.00192496647772684,0.193773923616098,0.180983926842368,0.06425615179415,0.461930808347136
"78","G97E",0.308895416720535,0.0957032962141733,0.0666094849480909,1.99539032634883e-06,0.00657933530695138,0.522210471419923
"79","G97H",0.223001294714136,0.197337574175002,0.0338196710495415,1.63257567340006e-07,0.000733832559586112,0.545107464244167
"80","G97I",0.255324187990871,0.141798276420892,0.0633118582331807,2.19514948800712e-07,1.81525600162954e-06,0.539563642584106
"92","P059_112194",2.60579450402254e-07,0.0775891989264358,0.342055462861386,0.202395348660414,8.08856658136453e-07,0.377958920115656
"93","P059_112327",2.40483848879795e-07,0.149672970583121,0.450694864673534,1.96048143865454e-07,0.00603762939109264,0.393594098820259
"94","P108_358411",0.17164533799887,0.167665718836821,0.160969727393746,1.66944328811654e-06,1.23307693175199e-06,0.499716313250343
"95","P129_375688",0.132397375648998,0.0301001672042125,0.0894629702182301,0.132459273311742,0.0141990494649556,0.601381164151861
"96","P129_375970",0.00828057939010394,0.0357730370833989,0.308446958118514,0.136560047168283,0.0302717915784919,0.480667586661208
"97","P129_375973",0.184864031324518,0.0206622962270985,0.0995840912390852,0.0521253192197915,0.0135581527672129,0.629206109222294
"98","P129_376050",0.10740863675886,0.0089656769516713,0.115490063753887,0.0680177001097482,0.0446868478483811,0.655431074577453
"99","P129_376085",0.0295637142311725,0.038358116226775,0.286791974725102,0.0011793194010342,2.52012307808845e-06,0.644104355292838
"100","P129_376165",0.130177559976344,0.0351280013294369,0.0923000736890291,0.118177578074698,0.00428745687290491,0.619929330057586
"101","P129_376176",0.126814069577361,0.0180923903799611,0.100134768757525,0.0819659595003504,0.0182771752394161,0.654715636545386
"102","P129_376304",0.123115850087459,0.100922603209459,0.100470420252822,5.16523785911925e-07,0.010761458277853,0.664729151648621
"103","P129_376322",0.0595665103690688,0.0559755251166075,0.181426014124155,0.0517171990965459,0.0300556770411568,0.621259074252466
"104","P152_374528",0.350077100300202,0.0696954343216584,0.0789568128647205,6.10036852209302e-07,4.61008091276045e-07,0.501269581468476
"105","P152_387720",1.21656141469031e-06,0.0196522024177628,0.304944455071481,0.289381198743856,0.0277409826737092,0.358279944531776
"106","P152_387930",0.331155203202667,0.0569687406047829,0.086548334015456,3.73628390652023e-07,0.000176554879559702,0.525150793669143
"107","P152_387947",0.345672364385513,0.0838929355806369,0.0851688999528007,0.000964755520906514,0.00618687734777448,0.478114167212369
"108","P152_387979",0.411152786352711,0.0471348867484375,0.0979068012481088,4.30313099609146e-07,1.05068059892509e-05,0.443794588531654
"109","P152_388519",0.470067552768493,0.0128338325251693,0.0868699095657234,5.86642073588824e-07,0.00368285184625457,0.426545266652286
"110","P152_388615",0.309253339919614,0.0585155005504975,0.0991730694590258,7.20674347036571e-07,6.6705556394789e-07,0.533056702340951
"111","P184_285504",0.330068724472079,0.0721693125194422,0.095928793081462,4.62754678261212e-05,0.0003274716120034,0.501459422847188
"112","P184_285527",8.36694271988751e-07,0.00749764275863484,0.219721757431008,0.285729719990356,0.0188551046527783,0.468194938472951
"113","P190_359227",0.0889012197520041,0.230863214974983,0.12978541431664,4.5856660246577e-07,0.00862982956008678,0.541819862829683
"114","P190_359261",5.3850262924712e-07,0.0185845175055124,0.218270036775478,0.412727299933744,0.000121654371743791,0.350295952910893
"115","P190_359287",8.49647784629928e-07,0.101113154853255,0.180316991846629,0.241447658207544,0.00949302176131333,0.467628323683474
"116","P190_359313",1.47894943990403e-06,0.0931477939325135,0.28095998073792,0.140143275453917,0.0199444929221694,0.46580297800404
"117","P190_359388",3.15611945197779e-06,0.0433387553419177,0.156815972218348,0.302039593614649,0.0339928771914547,0.463809645514179
"118","P191_41114",0.128120437878926,0.178928202709527,0.0645585058768536,0.0286571890951432,0.00727713444589166,0.592458529993658
"119","P191_41126",0.0371414831568375,0.317493065808363,9.42830277306777e-07,2.06902390443548e-07,2.98446857678911e-07,0.645364002855274
"120","P191_41133",0.111591995625238,0.169428386129545,0.10569934145074,0.0583484030071434,0.000414747102986257,0.554517126684347
"121","P191_42407",0.0586614906296988,0.285163796994393,2.22382775419107e-06,1.73558559477173e-07,1.81615943608665e-07,0.656172133373651
"128","G51A",0.515067083760981,8.37967494602878e-05,0.164606012731189,0.0189702779137756,5.95125163832008e-07,0.30127223371943
"129","G51C",0.361332946623129,0.0943058788101339,0.144684855348589,0.00715124353019594,4.28904225310046e-07,0.392524646783727
"131","G117B",0.235726744701192,0.147527664476118,0.14196549519895,9.35183273375891e-07,3.38271564062636e-07,0.474778822168903
"132","G117D",0.368625319345974,0.0643898443944474,0.15554653788602,0.00259264100669079,2.09635515270262e-06,0.408843561011715
"133","G117F",0.257754966037555,0.110533847086885,0.174640861538119,2.70834009375034e-06,3.83249745282257e-07,0.457067233747602
"134","G117H",0.193933127016675,0.156617251850865,0.172316789570198,0.00785595745082708,1.44677913731479e-06,0.469275427332298
"135","G117I",0.334430199090037,0.0778595753920618,0.131955110014621,0.01315256084006,9.57323634485372e-07,0.442601597339585
"136","G117J",0.308761821031606,0.0466504936728753,0.103481189401769,2.69257422907504e-06,0.00335081473829702,0.537752988581223
"137","G117K",0.356855768758134,0.0390064875217379,0.143919082311911,0.00572334857641196,6.44787586872083e-07,0.454494668044218
"139","G135I",0.344898053618055,0.0179010390941579,0.0499465670480224,4.31767709255938e-07,4.91955625867281e-07,0.587253416516429
"140","G146B",0.146446111973218,0.28468608799208,2.30179098520424e-06,3.11192543297019e-07,8.50046576143632e-07,0.568864337004597
"141","G146G",0.37841297461642,0.0515150687946771,0.0508795427028467,0.00142621547758562,4.05617548840549e-07,0.517765792790921
"142","G148I",0.133825056269848,0.195293035227583,0.103990582329406,6.42709635154958e-07,0.034404210929473,0.532486472534056
"143","G148L",0.124548396784261,0.079283217086353,0.0907532991284952,0.0745822690390724,0.068615478927878,0.562217339033941
"144","M74G",0.338136291942942,0.0389917552864097,0.0397343543979202,3.13687748682053e-07,3.02318694330606e-07,0.583136982366286
"145","M91H",0.00784499249685637,0.154444247680316,0.289646364146434,0.0104325394396633,0.0287828277919815,0.508849028444749
"150","R189F",0.251201700826484,0.139356018796286,0.0607432835757617,5.52750006796012e-07,9.96061285385601e-07,0.548697447990176
"153","R190-1H",6.61704208496243e-07,0.214013924123352,0.159692127003938,0.12825559888009,0.0230682310696495,0.474969457218762
"158","R190-2K",8.76755865917024e-07,0.042692499204797,0.441101596022442,0.0735729424510972,0.0311191896629543,0.411512895902843
"159","R190-2L",0.0617102273354125,0.349456562274805,0.0134106769669995,4.18677311433038e-07,8.19627951519571e-07,0.57542129511752
"160","R190-2N",0.159460391978458,0.157936075548408,0.0601003017479657,0.0328809600820214,1.69112978832834e-06,0.589620579513358
"161","R190-2O",0.0484818366888709,0.418652353013376,0.0108430600081641,2.97109791665732e-07,3.77442800357835e-07,0.522022075736997
"163","R191E",0.433979459041269,0.00371455440682732,0.0785986051609763,0.0125452502053316,0.000372274236270385,0.470789856949325
"165","R198G1",0.196235761981904,0.269101151084342,0.0898625688750483,2.74466259204367e-07,9.92915379299159e-07,0.444799250677067
"166","R198I1",0.287348622463538,0.115848500494063,0.0483993309496116,3.09009304243895e-07,2.40093587431561e-07,0.548402996989895
"167","R198J",0.276627975015784,0.122783286038543,0.0424135497340111,6.73370619312958e-07,4.17369601439237e-07,0.558174098471441
"168","R198M1",0.125949834526426,0.114642211030834,0.336034044231573,4.06225150687226e-07,0.00420827791387015,0.419165226072146
"169","R203B1",7.4911302942408e-07,0.0241581329209446,0.297111172903894,0.190447861081226,0.050956311602056,0.43732577237885
"170","R203C",3.65991938162233e-07,0.940599704680914,5.61976393989559e-07,2.50902299427793e-07,2.59120418655439e-07,0.059398857328036
"172","R203G1",0.15833971888438,0.056961050604385,0.153283846117454,0.0586970786028273,5.51967480978744e-06,0.572712786116144
"178","R217B",0.127400776095293,0.0473830718965521,0.184797637013901,0.152274989265463,1.63055039076037e-06,0.488141895178401
"179","R217C",0.0353805694313761,0.0799434534930249,0.162565526170963,0.233928611076526,0.000312063773494978,0.487869776054614
"180","R217D",0.141709910767076,0.0532198159837685,0.214959729867394,0.120005672454638,1.33581751536597e-06,0.470103535109608
"181","R217H1",6.4090144999894e-07,3.83230167183941e-06,0.16872602691725,0.530935924168541,1.29125066102087e-05,0.300320663204477
"182","R217O",0.000488324148090729,0.302213921596993,0.255184141362909,5.61951996455378e-07,0.0088895088605239,0.433223542079488
"184","R210-1I",0.100393428389249,0.165331003728793,0.248987644082621,9.21580737394996e-07,5.93451632788362e-07,0.485286408766967
"185","R210-1L",0.268218795116321,0.0797804540236423,0.213394753394244,2.61269279895869e-06,1.74117024177474e-06,0.438601643602752
"186","R210-2D",0.13041480368182,0.198548752586703,0.0899314067612537,2.78412618949212e-07,0.00219697639117378,0.578907782166431
"187","R210-2F",0.202221138373576,0.10494538401808,0.122246390096454,3.62809787667853e-07,0.000824091795061075,0.569762632907041
"188","R210-2H",0.0359847188972776,0.30237830224971,0.0133763996968252,0.00205743787160286,0.00323608417472561,0.642967057109858
"189","R210-2K",0.0410142913386374,0.196643008661,0.213449115363553,3.52851637979127e-07,0.0216103923256751,0.527282839459497
"192","R105D",0.0150268820855678,0.495379019625804,0.118851446531207,6.62111146882762e-07,0.0017081792332985,0.369033810412975
"193","R105I",0.0610831885556674,0.376380375905366,0.132567767326874,2.44586984538507e-07,5.28965707081963e-07,0.429967894659401
"196","R139E",0.000130093029175054,0.32075181226645,0.163898029484819,0.0316030411799118,0.0235507281394075,0.460066295900236
"197","R139H",0.0291205789764655,0.47668243020898,0.0540177268916159,3.03801234116213e-07,0.0179476052132993,0.422231354908405
"198","R139I",0.0456033630341927,0.525358721903151,0.0160529150224474,3.02783881478188e-07,0.00803636303122382,0.404948334225103
"199","R151E",0.0803677370401043,0.142066728802564,0.328949605807603,0.00392985101453257,7.40928641075948e-07,0.444685336406555
"201","R151K",0.231899847389466,0.0604300943830873,0.355196873363104,0.00442597643594685,1.762450051487e-06,0.348045445978345
"202","R157C",0.177867981014125,0.26983833030637,0.02615438379856,1.27019086490138e-06,4.34268645620965e-07,0.526137600421435
"203","R157D",0.248573614701651,0.182629785909239,0.0289216921683898,4.316520354986e-07,3.98226747462388e-07,0.539874077341938
"204","R157G",0.176466125099814,0.245987356101585,0.0654716173128129,5.7337925390652e-07,7.35602131899042e-07,0.512073592504401
"205","R157H",0.171407209827163,0.273688101208233,0.0271354413149148,3.15690788777105e-07,3.23617740787228e-07,0.527768608341159
"206","R195B",0.100421871952358,0.273490956077396,0.0450266636962372,6.75968646398981e-07,2.10866132731763e-07,0.581059621439229
"207","R195C",0.0428896055868261,0.297808449633461,0.0926380099747764,2.93096595938098e-07,4.65705389214369e-07,0.566663176002951
"208","R195E",0.169128755331887,0.160993995626856,0.0695493841085234,0.0132514476389724,3.56321758895394e-07,0.587076060972002
"209","R195F",0.0623473236558939,0.255753636942267,0.0896083620529937,6.35833144403155e-07,3.24068332018642e-07,0.592289717447369
"210","R195H",0.0749902318395642,0.327460646486554,0.0596124381134728,2.98770179171604e-07,8.95512869590749e-07,0.53793548927736
"211","R195I",0.0864539190549939,0.296138463181143,0.0540995877511182,5.15443719815734e-07,7.27437005208195e-07,0.563306787132021
"212","R128-2D",0.189711809749549,0.123909497062242,0.0411085044804937,2.21694968138731e-07,1.48087045640389e-06,0.645268486142291
"214","R199-2D",0.0390727521793345,0.106203769957776,0.315251311993624,0.0413842397429125,0.0135240950213358,0.484563831105016
"216","G122B",0.269225575359201,0.0152275219776078,0.0574719950022421,0.0225678180112708,0.088927314018005,0.546579775631673
"217","G122F",0.0404966516093418,0.11693728708753,0.103856855963462,0.218697099415444,0.0437267991512827,0.47628530677294
"218","G125C",0.364317510441456,0.0354262937460655,0.0325672818322395,5.26812872825811e-07,8.42496405072579e-07,0.567687544670961
"219","G125E",0.277404916679246,0.112091192992431,0.0470943100411592,2.30778863388845e-07,5.51071332396089e-07,0.563408798436968
"220","G125F",0.325863926254882,0.061298777748617,0.0392723920751603,4.21063228712345e-07,9.05949067968568e-07,0.573563576909044
"221","G125G",0.358558337094184,0.0339852421453858,0.0351558980079706,3.05835382065231e-07,6.78957539075497e-07,0.572299537959538
"222","G125H",0.258184858028198,0.116188417124426,0.0736986519502829,3.9604370187753e-07,0.0108246514518419,0.541103025401549
"223","G125J",0.340937746124141,0.0649917901790756,0.0380962156377923,1.64924526528301e-07,2.75134078488819e-07,0.555973808000386
"224","G150H",0.118247719778463,0.0602322142870386,0.169533839895079,1.20626043169484e-06,0.0724979126596784,0.57948710711931
"225","M91E",3.18796977599069e-06,0.117259799050159,0.325321888083478,0.054807224455877,0.0329440239729394,0.469663876467771
"226","R189D",0.195324729156524,0.291276930767604,0.0523657993348524,3.34814003155146e-07,1.07032018624597e-06,0.46103113560683
"231","R205D1",1.85084754090507e-06,0.317824536369109,0.215659401213249,2.93900266368056e-07,2.01256410570496e-06,0.466511905105728
"233","R217L",0.0740442691045554,0.270153900844037,0.141839505806139,4.78784167099003e-07,0.00251141594877143,0.51145042951233
"235","R207K",1.37645718278965e-06,0.0396995813738014,0.47642438172608,0.0876927410246731,0.00256342814119913,0.393618491277064
"240","R210-1A",9.25374857451271e-07,0.125591285696203,0.136233340509771,0.203808883986745,0.0512898322716103,0.483075732160813
"241","R210-1F",0.128179596509693,0.296421690000209,0.0884242942071502,4.54598459948495e-07,6.09271085211427e-06,0.486967871973637
"242","R210-1G",0.130820215638057,0.188467731934939,0.213290799718161,7.58641749805573e-07,9.54272169082367e-07,0.467419539794925
"255","R139D",0.148636999528857,0.390531461901537,0.0161508520278151,3.31112130276647e-07,0.0125041035949244,0.432176251834737
"256","R151M",0.200693253143386,0.0785352723994503,0.260232337589216,0.0194484785313511,8.50083909274318e-07,0.441089808252687
"258","R157A",0.241189187045438,0.214909282937996,0.0262435729804473,7.32441240363091e-07,4.79706228580773e-07,0.517656744888649
"259","R195G",0.143908755750355,0.260822756090411,0.0127711069649252,3.39835866068991e-07,0.000449017718527297,0.582048023639916
"269","R199-1C",0.0478955943665374,0.0372567810869808,0.555913341842198,1.39824093756981e-06,0.0149087910340299,0.344024093429317
"270","R199-1D",6.12542274173575e-06,0.0667647664348139,0.578593321985514,5.36211817077995e-07,0.017356276548575,0.337278973396538
"271","R199-1E",0.152210171481687,0.0691770009986085,0.307539640328725,7.72314942398723e-07,0.00158718417173424,0.469485230704303
"272","R199-1F",0.05444738690241,0.0332175992664155,0.518176526380051,1.32076230276741e-06,0.00734231071508654,0.386814855973734
"273","R199-1G",0.187168412683772,0.057310546680349,0.256984927027847,5.70608875686263e-07,9.97523933365444e-07,0.498534545475224
"274","R199-1H",0.206157734189273,0.0981085001035841,0.19032876107706,5.88933629214198e-07,1.50473459561002e-06,0.505402910961858
"278","G73G",0.202325988218129,0.0888078390501339,0.0270860394702575,1.01625311400708e-06,0.0100305631077694,0.671748553900596
"279","G117L",0.296760051047965,0.0779256845835888,0.19737739156472,6.37642985112717e-07,0.0188406823431319,0.409095552817609
"280","G133D",0.395685189350963,0.0374440851412845,0.028605241049946,1.37366563260044e-06,0.0263622319298928,0.511901878862282
"281","G133H",0.11112699521855,0.248155252251912,6.64233395063774e-05,1.96254729160208e-07,3.43390199303093e-07,0.640650789545103
"282","M74H",0.238870926118857,0.110475413279913,0.0175300120636227,1.81662347518563e-07,3.16314560657879e-07,0.633123150560699
"283","R217E",0.114037887809925,0.20210231859962,0.139069408440411,2.19322490711602e-07,2.37663651651459e-07,0.544789928163901
"286","G122D",0.280316229687527,0.0216702939141296,0.0710780551214491,0.000862261429572135,0.0712413749048806,0.554831784942441
"287","G122K",0.0628122238812579,0.0525982259254443,0.180030858941743,0.121506096485329,0.0565073904598466,0.526545204306379
"288","G135A",1.17318171043991e-06,0.114298012404813,0.537998287919905,2.96336194495155e-07,0.0218850865139132,0.325817143643464
"289","G150A",2.05074350019234e-06,0.00831093124514532,0.503710340731419,0.0299847497075684,0.081887081449196,0.376104846123171
"290","M91B",0.00212929641771107,0.130789886676233,0.361668329991608,8.83173642942457e-07,0.0733247566969581,0.432086847043847
