"","RNAseq_ID","patient_id","cluster","Primary.Recurrent","IDH","Grade","Annotation","Annotation_fine","Glio.","Dataset","WES_ID","X","batch","Cluster"
"G12B","G12B","G12","group2.1","Recurrent","wild type",NA,"CE","CE","G12",NA,"G12B","","batch2","GPM"
"G12C","G12C","G12","group2.1","Recurrent","wild type",NA,"CE","CE","G12",NA,"G12C","","batch2","GPM"
"G12E","G12E","G12","group2.1","Recurrent","wild type",NA,"CE","CE","G12",NA,"G12E","","batch2","GPM"
"G23B","G23B","G23","group2.1","Primary","wild type",NA,"CE","CE","G23",NA,"G23B","","batch2","GPM"
"G23B1","G23B1","G23","group2.1","Recurrent","wild type",NA,"CE","CE","G23",NA,"G23B1","","batch2","MTC"
"G23C","G23C","G23","group2.1","Recurrent","wild type",NA,"CE","CE","G23",NA,"G23C","","batch2","MTC"
"G23F","G23F","G23","group2.1","Recurrent","wild type",NA,"CE","CE","G23",NA,"G23F","","batch2","MTC"
"G29C","G29C","G29","group2.3","Primary","wild type",NA,"NE","NE","G29",NA,"G29C","","batch2","NEU"
"G29E","G29E","G29","group2.3","Primary","wild type",NA,"CE","CE","G29",NA,"G29E","","batch2","NEU"
"G29G","G29G","G29","group2.3","Primary","wild type",NA,"NE","NE","G29",NA,"G29G","","batch2","GPM"
"G29H","G29H","G29","group2.3","Primary","wild type",NA,"CE","CE","G29",NA,"G29H","","batch2","NEU"
"G35C","G35C","G35","group2.2","Primary","wild type",NA,"CE","CE","G35",NA,"G35C","","batch2","GPM"
"G35D","G35D","G35","group2.2","Primary","wild type",NA,"NE","NE","G35",NA,"G35D","","batch2","GPM"
"G35E","G35E","G35","group2.2","Primary","wild type",NA,"NE","NE","G35",NA,"G35E","","batch2","GPM"
"G37H","G37H","G37","group2.3","Recurrent","wild type",NA,"CE","CE","G37",NA,"G37H","","batch2","GPM"
"G37J","G37J","G37","group2.3","Recurrent","wild type",NA,"CE","CE","G37",NA,"G37J","","batch2","PPR"
"G39F","G39F","G39","group3","Primary","wild type",NA,"NE","NE","G39",NA,"G39F","","batch2","NEU"
"G39G","G39G","G39","group3","Primary","wild type",NA,"NE","NE","G39",NA,"G39G","","batch2","NEU"
"G40A","G40A","G40","group2.3","Primary","wild type",NA,"CE","CE","G40",NA,"G40A","","batch2","MTC"
"G40D","G40D","G40","group2.3","Primary","wild type",NA,"CE","CE","G40",NA,"G40D","","batch2","GPM"
"G40E","G40E","G40","group2.3","Primary","wild type",NA,"CE","CE","G40",NA,"G40E","","batch2","NEU"
"G40F","G40F","G40","group2.3","Primary","wild type",NA,"CE","CE","G40",NA,"G40F","","batch2","GPM"
"G40I","G40I","G40","group2.3","Primary","wild type",NA,"NE","NE","G40",NA,"G40I","","batch2","GPM"
"G40K","G40K","G40","group2.3","Primary","wild type",NA,"CE","CE","G40",NA,"G40K","","batch2","GPM"
"G40M","G40M","G40","group2.3","Primary","wild type",NA,"NE","NE","G40",NA,"G40M","","batch2","GPM"
"G44A","G44A","G44","group2.3","Primary","wild type",NA,"CE","CE","G44",NA,"G44A","","batch2","GPM"
"G44F","G44F","G44","group2.3","Primary","wild type",NA,"CE","CE","G44",NA,"G44F","","batch2","GPM"
"G44G","G44G","G44","group2.3","Primary","wild type",NA,"CE","CE","G44",NA,"G44G","","batch2","GPM"
"G45H","G45H","G45","group2.2","Primary","wild type",NA,"CE","CE","G45",NA,"G45H","","batch2","GPM"
"G45K","G45K","G45","group2.2","Primary","wild type",NA,"CE","CE","G45",NA,"G45K","","batch2","GPM"
"G45L","G45L","G45","group2.2","Primary","wild type",NA,"CE","CE","G45",NA,"G45L","","batch2","GPM"
"G45M","G45M","G45","group2.2","Primary","wild type",NA,"CE","CE","G45",NA,"G45M","","batch2","GPM"
"G52B","G52B","G52","group3","Primary","wild type",NA,"NE","NE","G52",NA,"G52B","","batch2","NEU"
"G52C","G52C","G52","group3","Primary","wild type",NA,"NE","NE","G52",NA,"G52C","","batch2","NEU"
"G52D","G52D","G52","group3","Primary","wild type",NA,"CE","CE","G52",NA,"G52D","","batch2","GPM"
"G52E","G52E","G52","group3","Primary","wild type",NA,"CE","CE","G52",NA,"G52E","","batch2","MTC"
"G52F","G52F","G52","group3","Primary","wild type",NA,"CE","CE","G52",NA,"G52F","","batch2","NEU"
"G52H","G52H","G52","group3","Primary","wild type",NA,"CE","CE","G52",NA,"G52H","","batch2","MTC"
"G52J","G52J","G52","group3","Primary","wild type",NA,"CE","CE","G52",NA,"G52J","","batch2","GPM"
"G53A","G53A","G53","group3","Recurrent","wild type",NA,"CE","CE","G53",NA,"G53A","","batch2","GPM"
"G53B","G53B","G53","group3","Recurrent","wild type",NA,"NE","NE","G53",NA,"G53B","","batch2","NEU"
"G53C","G53C","G53","group3","Recurrent","wild type",NA,"NE","NE","G53",NA,"G53C","","batch2","NEU"
"G53D","G53D","G53","group3","Recurrent","wild type",NA,"NE","NE","G53",NA,"G53D","","batch2","GPM"
"G53F","G53F","G53","group3","Recurrent","wild type",NA,"NE","NE","G53",NA,"G53F","","batch2","GPM"
"G53J","G53J","G53","group3","Recurrent","wild type",NA,"NE","NE","G53",NA,"G53J","","batch2","MTC"
"G59B","G59B","G59","group3","Primary","wild type",NA,"NE","NE","G59",NA,"G59B","","batch2","GPM"
"G59E","G59E","G59","group3","Primary","wild type",NA,"CE","CE","G59",NA,"G59E","","batch2","GPM"
"G59F","G59F","G59","group3","Primary","wild type",NA,"CE","CE","G59",NA,"G59F","","batch2","MTC"
"G59H","G59H","G59","group3","Primary","wild type",NA,"CE","CE","G59",NA,"G59H","","batch2","GPM"
"G59I","G59I","G59","group3","Primary","wild type",NA,"CE","CE","G59",NA,"G59I","","batch2","GPM"
"G59L","G59L","G59","group3","Primary","wild type",NA,"CE","CE","G59",NA,"G59L","","batch2","GPM"
"G5B","G5B","G5","group2.2","Primary","wild type",NA,"CE","CE","G05",NA,"G5B","","batch2","GPM"
"G5C","G5C","G5","group2.2","Primary","wild type",NA,"NE","NE","G05",NA,"G5C","","batch2","GPM"
"G5D","G5D","G5","group2.2","Primary","wild type",NA,"CE","CE","G05",NA,"G5D","","batch2","GPM"
"G5F","G5F","G5","group2.2","Primary","wild type",NA,"NE","NE","G05",NA,"G5F","","batch2","GPM"
"G5G","G5G","G5","group2.2","Primary","wild type",NA,"CE","CE","G05",NA,"G5G","","batch2","GPM"
"G5I","G5I","G5","group2.2","Primary","wild type",NA,"CE","CE","G05",NA,"G5I","","batch2","GPM"
"G65A","G65A","G65","group3","Primary","wild type",NA,"CE","CE","G65",NA,"G65A","","batch2","GPM"
"G65C","G65C","G65","group3","Primary","wild type",NA,"CE","CE","G65",NA,"G65C","","batch2","GPM"
"G72A","G72A","G72","group2.2","Primary","wild type",NA,"CE","CE","G72",NA,"G72A","","batch2","GPM"
"G77B","G77B","G77","group3","Primary","wild type",NA,"CE","CE","G77",NA,"G77B","","batch2","MTC"
"G77C","G77C","G77","group3","Primary","wild type",NA,"CE","CE","G77",NA,"G77C","","batch2","MTC"
"G77F","G77F","G77","group3","Primary","wild type",NA,"CE","CE","G77",NA,"G77F","","batch2","MTC"
"G77H","G77H","G77","group3","Primary","wild type",NA,"CE","CE","G77",NA,"G77H","","batch2","MTC"
"G77I","G77I","G77","group3","Primary","wild type",NA,"CE","CE","G77",NA,"G77I","","batch2","MTC"
"G77J","G77J","G77","group3","Primary","wild type",NA,"CE","CE","G77",NA,"G77J","","batch2","MTC"
"G85I","G85I","G85","group1.2","Primary","wild type",NA,"NE","NE","G85",NA,"G85I","","batch2","GPM"
"G87A","G87A","G87","group3","Primary","wild type",NA,"NE","NE","G87",NA,"G87A","","batch2","NEU"
"G87J","G87J","G87","group3","Primary","wild type",NA,"NE","NE","G87",NA,"G87J","","batch2","NEU"
"G8A","G8A","G8","group3","Primary","wild type",NA,"NE","NE","G08",NA,"G8A","","batch2","GPM"
"G8C","G8C","G8","group3","Primary","wild type",NA,"CE","CE","G08",NA,"G8C","","batch2","GPM"
"G8G","G8G","G8","group3","Primary","wild type",NA,"NE","NE","G08",NA,"G8G","","batch2","NEU"
"G90D","G90D","G90","group2.3","Primary","wild type",NA,"CE","CE","G90",NA,"G90D","","batch2","PPR"
"G95E","G95E","G95","group2.3","Primary","wild type",NA,"NE","NE","G95",NA,"G95E","","batch2","NEU"
"G95F","G95F","G95","group2.3","Primary","wild type",NA,"NE","NE","G95",NA,"G95F","","batch2","NEU"
"G97E","G97E","G97","group1.2","Primary","wild type",NA,"CE","CE","G97",NA,"G97E","","batch2","GPM"
"G97H","G97H","G97","group1.2","Primary","wild type",NA,"CE","CE","G97",NA,"G97H","","batch2","GPM"
"G97I","G97I","G97","group1.2","Primary","wild type",NA,"CE","CE","G97",NA,"G97I","","batch2","GPM"
"P059_112194","P059_112194","P059","group2.3","Primary","wild type",NA,"NE","NE","P059",NA,"P059_112194","","batch2","NEU"
"P059_112327","P059_112327","P059","group2.3","Primary","wild type",NA,"NE","NE","P059",NA,"P059_112327","","batch2","GPM"
"P108_358411","P108_358411","P108","group2.2","Primary","wild type",NA,"CE","CE","P108",NA,"P108_358411","","batch2","GPM"
"P129_375688","P129_375688","P129","group2.3","Primary","wild type",NA,"NE","NE","P129",NA,"P129_375688","","batch2","NEU"
"P129_375970","P129_375970","P129","group2.3","Primary","wild type",NA,"NE","NE","P129",NA,"P129_375970","","batch2","NEU"
"P129_375973","P129_375973","P129","group2.3","Primary","wild type",NA,"NE","NE","P129",NA,"P129_375973","","batch2","MTC"
"P129_376050","P129_376050","P129","group2.3","Primary","wild type",NA,"NE","NE","P129",NA,"P129_376050","","batch2","MTC"
"P129_376085","P129_376085","P129","group2.3","Primary","wild type",NA,"NE","NE","P129",NA,"P129_376085","","batch2","MTC"
"P129_376165","P129_376165","P129","group2.3","Primary","wild type",NA,"NE","NE","P129",NA,"P129_376165","","batch2","NEU"
"P129_376176","P129_376176","P129","group2.3","Primary","wild type",NA,"NE","NE","P129",NA,"P129_376176","","batch2","MTC"
"P129_376304","P129_376304","P129","group2.3","Primary","wild type",NA,"CE","CE","P129",NA,"P129_376304","","batch2","GPM"
"P129_376322","P129_376322","P129","group2.3","Primary","wild type",NA,"NE","NE","P129",NA,"P129_376322","","batch2","MTC"
"P152_374528","P152_374528","P152","group2.3","Primary","wild type",NA,"CE","CE","P152",NA,"P152_374528","","batch2","MTC"
"P152_387720","P152_387720","P152","group2.3","Primary","wild type",NA,"CE","CE","P152",NA,"P152_387720","","batch2","NEU"
"P152_387930","P152_387930","P152","group2.3","Primary","wild type",NA,"NE","NE","P152",NA,"P152_387930","","batch2","MTC"
"P152_387947","P152_387947","P152","group2.3","Primary","wild type",NA,"CE","CE","P152",NA,"P152_387947","","batch2","GPM"
"P152_387979","P152_387979","P152","group2.3","Primary","wild type",NA,"CE","CE","P152",NA,"P152_387979","","batch2","MTC"
"P152_388519","P152_388519","P152","group2.3","Primary","wild type",NA,"CE","CE","P152",NA,"P152_388519","","batch2","MTC"
"P152_388615","P152_388615","P152","group2.3","Primary","wild type",NA,"CE","CE","P152",NA,"P152_388615","","batch2","MTC"
"P184_285504","P184_285504","P184","group2.1","Primary","wild type",NA,"CE","CE","P184",NA,"P184_285504","","batch2","GPM"
"P184_285527","P184_285527","P184","group2.1","Primary","wild type",NA,"NE","NE","P184",NA,"P184_285527","","batch2","NEU"
"P190_359227","P190_359227","P190","group2.3","Primary","wild type",NA,"CE","CE","P190",NA,"P190_359227","","batch2","GPM"
"P190_359261","P190_359261","P190","group2.3","Primary","wild type",NA,"NE","NE","P190",NA,"P190_359261","","batch2","NEU"
"P190_359287","P190_359287","P190","group2.3","Primary","wild type",NA,"NE","NE","P190",NA,"P190_359287","","batch2","NEU"
"P190_359313","P190_359313","P190","group2.3","Primary","wild type",NA,"NE","NE","P190",NA,"P190_359313","","batch2","NEU"
"P190_359388","P190_359388","P190","group2.3","Primary","wild type",NA,"NE","NE","P190",NA,"P190_359388","","batch2","NEU"
"P191_41114","P191_41114","P191","group2.2","Primary","wild type",NA,"NE","NE","P191",NA,"P191_41114","","batch2","GPM"
"P191_41126","P191_41126","P191","group2.2","Primary","wild type",NA,"CE","CE","P191",NA,"P191_41126","","batch2","GPM"
"P191_41133","P191_41133","P191","group2.2","Primary","wild type",NA,"NE","NE","P191",NA,"P191_41133","","batch2","GPM"
"P191_42407","P191_42407","P191","group2.2","Primary","wild type",NA,"CE","CE","P191",NA,"P191_42407","","batch2","GPM"
"G51A","G51A","G51","group1.2","Primary","WT",4,"CE","NEC","51","D6","G51A","x","batch1","PPR"
"G51C","G51C","G51","group1.2","Primary","WT",4,"CE","NEC","51","D6","G51C","x","batch1","MTC"
"G117B","G117B","G117","group1.2","Primary","WT",4,"CE","CE","117","D6","G117B","","batch1","GPM"
"G117D","G117D","G117","group1.2","Primary","WT",4,"CE","CE","117","D6","G117D","","batch1","GPM"
"G117F","G117F","G117","group1.2","Primary","WT",4,"CE","NEC","117","D6","G117F","","batch1","GPM"
"G117H","G117H","G117","group1.2","Primary","WT",4,"CE","NEC","117","D6","G117H","","batch1","GPM"
"G117I","G117I","G117","group1.2","Primary","WT",4,"CE","NEC","117","D6","G117I","","batch1","MTC"
"G117J","G117J","G117","group1.2","Primary","WT",4,"CE","CE","117","D6","G117J","","batch1","MTC"
"G117K","G117K","G117","group1.2","Primary","WT",4,"CE","CE","117","D6","G117K","x","batch1","MTC"
"G135I","G135I","G135","group1.1","Primary","WT",4,"CE","NEC","135","D6","G135I","x","batch1","GPM"
"G146B","G146B","G146","group1.1","Recurrent","WT",4,"CE","NEC","146","D6","G146B","","batch1","GPM"
"G146G","G146G","G146","group1.1","Recurrent","WT",4,"CE","NEC","146","D6","G146G","x","batch1","GPM"
"G148I","G148I","G148","group2.1","Primary","WT",4,"CE","CE","148","D6","G148I","","batch1","GPM"
"G148L","G148L","G148","group2.1","Primary","WT",4,"CE","NEC","148","D6","G148L","","batch1","GPM"
"M74G","M74G","M74","group1.1","Recurrent","WT",4,"CE","CE","44_2","D6","M74G","x","batch1","GPM"
"M91H","M91H","M91","group1.1","Recurrent","WT",4,"CE","CE","76_2","D6","M91H","","batch1","GPM"
"R189F","R189F","D189","group1.2","Primary","WT",4,"CE","NEC","189","D7","D189F","","batch1","GPM"
"R190-1H","R190-1H","D190","group1.2","Recurrent","WT",4,"CE","CE","190_1","D7","D190-1H","","batch1","GPM"
"R190-2K","R190-2K","D190","group1.2","Recurrent","WT",4,"CE","CE/NEC","190_2","D7","D190-2K","","batch1","NEU"
"R190-2L","R190-2L","D190","group1.2","Recurrent","WT",4,"CE","CE/NEC","190_2","D7","D190-2L","","batch1","GPM"
"R190-2N","R190-2N","D190","group1.2","Recurrent","WT",4,"CE","CE","190_2","D7","D190-2N","","batch1","GPM"
"R190-2O","R190-2O","D190","group1.2","Recurrent","WT",4,"CE","CE/NEC","190_2","D7","D190-2O","","batch1","GPM"
"R191E","R191E","D191","group1.2","Recurrent","WT",4,"CE","CENTRAL RESECTION CAVITY","191","D7","D191E","","batch1","GPM"
"R198G1","R198G1","D198","group1.2","Primary","WT",4,"CE","CE","198","D7","D198G1","","batch1","GPM"
"R198I1","R198I1","D198","group1.2","Primary","WT",4,"CE","CE","198","D7","D198I1","","batch1","GPM"
"R198J","R198J","D198","group1.2","Primary","WT",4,"CE","CE","198","D7","D198J","","batch1","GPM"
"R198M1","R198M1","D198","group1.2","Primary","WT",4,"CE","CE","198","D7","D198M1","","batch1","GPM"
"R203B1","R203B1","D203","group1.2","Recurrent","WT",4,"CE","NEC","203","D7","D203B1","","batch1","NEU"
"R203C","R203C","D203","group1.2","Recurrent","WT",4,"CE","CE","203","D7","D203C","","batch1","GPM"
"R203G1","R203G1","D203","group1.2","Recurrent","WT",4,"CE","CE","203","D7","D203G1","","batch1","GPM"
"R217B","R217B","D217","group3","Primary","WT",4,"CE","NEC","217","D7","D217B","","batch1","NEU"
"R217C","R217C","D217","group3","Primary","WT",4,"CE","NEC","217","D7","D217C","","batch1","NEU"
"R217D","R217D","D217","group3","Primary","WT",4,"CE","NEC","217","D7","D217D","","batch1","NEU"
"R217H1","R217H1","D217","group3","Primary","WT",4,"CE","CE/NE MARGIN","217","D7","D217H1","","batch1","NEU"
"R217O","R217O","D217","group3","Primary","WT",4,"CE","CE","217","D7","D217O","","batch1","GPM"
"R210-1I","R210-1I","D210","group1.2","Recurrent","WT",4,"CE","CE","210_1","D7","D210-1I","","batch1","MTC"
"R210-1L","R210-1L","D210","group1.2","Recurrent","WT",4,"CE","CE","210_1","D7","D210-1L","","batch1","GPM"
"R210-2D","R210-2D","D210","group1.2","Recurrent","WT",4,"CE","CE","210_2","D7","D210-2D","","batch1","GPM"
"R210-2F","R210-2F","D210","group1.2","Recurrent","WT",4,"CE","CE","210_2","D7","D210-2F","","batch1","GPM"
"R210-2H","R210-2H","D210","group1.2","Recurrent","WT",4,"CE","CE","210_2","D7","D210-2H","","batch1","GPM"
"R210-2K","R210-2K","D210","group1.2","Recurrent","WT",4,"CE","CE","210_2","D7","D210-2K","","batch1","GPM"
"R105D","R105D","D105","group3","Recurrent","Wt",4,"CE","CE","105","D7","D105D","x","batch1","GPM"
"R105I","R105I","D105","group3","Recurrent","Wt",4,"CE","CE","105","D7","D105I","x","batch1","GPM"
"R139E","R139E","D139","group2.1","Recurrent","Wt",4,"CE","CE/DURA","139","D7","D139E","","batch1","GPM"
"R139H","R139H","D139","group2.1","Recurrent","Wt",4,"CE","CE","139","D7","D139H","","batch1","GPM"
"R139I","R139I","D139","group2.1","Recurrent","Wt",4,"CE","CE","139","D7","D139I","","batch1","GPM"
"R151E","R151E","D151","group1.2","Recurrent","Wt",4,"CE","CE","151","D7","D151E","","batch1","GPM"
"R151K","R151K","D151","group1.2","Recurrent","Wt",4,"CE","NEC","151","D7","D151K","","batch1","MTC"
"R157C","R157C","D157","group1.2","Recurrent","Wt",4,"CE","CE","157","D7","D157C","","batch1","GPM"
"R157D","R157D","D157","group1.2","Recurrent","Wt",4,"CE","CE","157","D7","D157D","","batch1","GPM"
"R157G","R157G","D157","group1.2","Recurrent","Wt",4,"CE","CE/NEC","157","D7","D157G","","batch1","GPM"
"R157H","R157H","D157","group1.2","Recurrent","Wt",4,"CE","CE","157","D7","D157H","","batch1","GPM"
"R195B","R195B","D195","group3","Recurrent","WT",4,"CE","CE","195","D7","D195B","","batch1","GPM"
"R195C","R195C","D195","group3","Recurrent","WT",4,"CE","CE","195","D7","D195C","","batch1","MTC"
"R195E","R195E","D195","group3","Recurrent","WT",4,"CE","CE/NE CENTRAL?","195","D7","D195E","","batch1","GPM"
"R195F","R195F","D195","group3","Recurrent","WT",4,"CE","CE","195","D7","D195F","","batch1","MTC"
"R195H","R195H","D195","group3","Recurrent","WT",4,"CE","CE/NE CENTRAL?","195","D7","D195H","","batch1","MTC"
"R195I","R195I","D195","group3","Recurrent","WT",4,"CE","CE","195","D7","D195I","","batch1","GPM"
"R128-2D","R128-2D","D128","group3","Recurrent","Wt",4,"CE","CE","128_2","D7","D128-2D","","batch1","GPM"
"R199-2D","R199-2D","D199","group3","Recurrent","wt",4,"CE","CE","199_2","D7","D199-2D","","batch1","GPM"
"G122B","G122B","G122","group2.1","Primary","WT",4,"NE","NE","122","D6","G122B","x","batch1","GPM"
"G122F","G122F","G122","group2.1","Primary","WT",4,"NE","NE","122","D6","G122F","","batch1","NEU"
"G125C","G125C","G125","group1.2","Primary","WT",4,"NE","NE","125","D6","G125C","","batch1","GPM"
"G125E","G125E","G125","group1.2","Primary","WT",4,"NE","NE","125","D6","G125E","","batch1","GPM"
"G125F","G125F","G125","group1.2","Primary","WT",4,"NE","NE","125","D6","G125F","x","batch1","GPM"
"G125G","G125G","G125","group1.2","Primary","WT",4,"NE","NE","125","D6","G125G","","batch1","GPM"
"G125H","G125H","G125","group1.2","Primary","WT",4,"NE","NE","125","D6","G125H","","batch1","GPM"
"G125J","G125J","G125","group1.2","Primary","WT",4,"NE","NE","125","D6","G125J","x","batch1","GPM"
"G150H","G150H","G150","group1.1","Primary","WT",4,"NE","NE","150","D6","G150H","x","batch1","MTC"
"M91E","M91E","M91","group1.1","Recurrent","WT",4,"NE","NE","76_2","D6","M91E","","batch1","GPM"
"R189D","R189D","D189","group1.2","Primary","WT",4,"NE","NE","189","D7","D189D","","batch1","GPM"
"R205D1","R205D1","D205","group2.1","Recurrent","WT",4,"NE","NE/DURA","205","D7","D205D1","","batch1","GPM"
"R217L","R217L","D217","group3","Primary","WT",4,"NE","NE","217","D7","D217L","","batch1","GPM"
"R207K","R207K","D207","group1.2","Recurrent","WT",4,"NE","NE","207","D7","D207K","","batch1","NEU"
"R210-1A","R210-1A","D210","group1.2","Recurrent","WT",4,"NE","DURA/NE - NEED TO MOVE ROI MEDIALLY","210_1","D7","D210-1A","","batch1","NEU"
"R210-1F","R210-1F","D210","group1.2","Recurrent","WT",4,"NE","NE","210_1","D7","D210-1F","","batch1","GPM"
"R210-1G","R210-1G","D210","group1.2","Recurrent","WT",4,"NE","NE","210_1","D7","D210-1G","","batch1","GPM"
"R139D","R139D","D139","group2.1","Recurrent","Wt",4,"NE","NE/CE MARGIN","139","D7","D139D","","batch1","GPM"
"R151M","R151M","D151","group1.2","Recurrent","Wt",4,"NE","NE","151","D7","D151M","","batch1","GPM"
"R157A","R157A","D157","group1.2","Recurrent","Wt",4,"NE","NE/CE MARGIN DURA","157","D7","D157A","","batch1","GPM"
"R195G","R195G","D195","group3","Recurrent","WT",4,"NE","NE","195","D7","D195G","","batch1","GPM"
"R199-1C","R199-1C","D199","group3","Primary","wt",4,"NE","NE","199_1","D7","D199-1C","","batch1","GPM"
"R199-1D","R199-1D","D199","group3","Primary","wt",4,"NE","NE","199_1","D7","D199-1D","","batch1","GPM"
"R199-1E","R199-1E","D199","group3","Primary","wt",4,"NE","NE","199_1","D7","D199-1E","","batch1","GPM"
"R199-1F","R199-1F","D199","group3","Primary","wt",4,"NE","NE","199_1","D7","D199-1F","","batch1","GPM"
"R199-1G","R199-1G","D199","group3","Primary","wt",4,"NE","NE/CE MARGIN","199_1","D7","D199-1G","","batch1","GPM"
"R199-1H","R199-1H","D199","group3","Primary","wt",4,"NE","NE","199_1","D7","D199-1H","","batch1","GPM"
"G73G","G73G","G73","group1.1","Primary","WT",4,"CE","NEC","73","D6","G73G","","batch3","MTC"
"G117L","G117L","G117","group1.2","Primary","WT",4,"CE","NEC","117","D6","G117L","x","batch3","MTC"
"G133D","G133D","G133","group1.1","Primary","WT",4,"CE","CE","133","D6","G133D","x","batch3","MTC"
"G133H","G133H","G133","group1.1","Primary","WT",4,"CE","NEC","133","D6","G133H","x","batch3","GPM"
"M74H","M74H","M74","group1.1","Recurrent","WT",4,"CE","CE","44_2","D6","M74H","","batch3","MTC"
"R217E","R217E","D217","group3","Primary","WT",4,"CE","NEC","217","D7","D217E","","batch3","MTC"
"G122D","G122D","G122","group2.1","Primary","WT",4,"NE","NE","122","D6","G122D","","batch3","MTC"
"G122K","G122K","G122","group2.1","Primary","WT",4,"NE","NE","122","D6","G122K","","batch3","NEU"
"G135A","G135A","G135","group1.1","Primary","WT",4,"NE","NE","135","D6","G135A","x","batch3","GPM"
"G150A","G150A","G150","group1.1","Primary","WT",4,"NE","NE","150","D6","G150A","","batch3","MTC"
"M91B","M91B","M91","group1.1","Recurrent","WT",4,"NE","NE","76_2","D6","M91B","","batch3","GPM"
