"ONTOLOGY","ID","Description","GeneRatio","BgRatio","pvalue","p.adjust","qvalue","geneID","Count"
"BP","GO:0030198","extracellular matrix organization","6/24","321/18870",2.40391822919018e-06,0.000725946701890061,0.000510602040110557,"ADAMTS12/ADAMTSL1/COL12A1/COL13A1/COL8A1/SULF1",6
"BP","GO:0043062","extracellular structure organization","6/24","322/18870",2.44754054127066e-06,0.000725946701890061,0.000510602040110557,"ADAMTS12/ADAMTSL1/COL12A1/COL13A1/COL8A1/SULF1",6
"BP","GO:0045229","external encapsulating structure organization","6/24","323/18870",2.49180790122447e-06,0.000725946701890061,0.000510602040110557,"ADAMTS12/ADAMTSL1/COL12A1/COL13A1/COL8A1/SULF1",6
"BP","GO:0048592","eye morphogenesis","4/24","162/18870",4.86431257788022e-05,0.0105719617203358,0.00743589744029396,"ALDH1A3/COL8A1/FBN2/NECTIN3",4
"BP","GO:0043010","camera-type eye development","5/24","344/18870",6.24971374764163e-05,0.0105719617203358,0.00743589744029396,"ALDH1A3/COL8A1/FBN2/NECTIN3/SHH",5
"BP","GO:1905330","regulation of morphogenesis of an epithelium","3/24","65/18870",7.49755978713992e-05,0.0105719617203358,0.00743589744029396,"ADAMTS12/SHH/SULF1",3
"BP","GO:0060601","lateral sprouting from an epithelium","2/24","11/18870",8.46724622910186e-05,0.0105719617203358,0.00743589744029396,"SHH/SULF1",2
"BP","GO:0001654","eye development","5/24","391/18870",0.000114344864296052,0.0112504488821198,0.0079131183273009,"ALDH1A3/COL8A1/FBN2/NECTIN3/SHH",5
"BP","GO:0150063","visual system development","5/24","395/18870",0.000119939328107877,0.0112504488821198,0.0079131183273009,"ALDH1A3/COL8A1/FBN2/NECTIN3/SHH",5
"BP","GO:0048880","sensory system development","5/24","401/18870",0.000128723671420134,0.0112504488821198,0.0079131183273009,"ALDH1A3/COL8A1/FBN2/NECTIN3/SHH",5
"BP","GO:0060572","morphogenesis of an epithelial bud","2/24","15/18870",0.000161145703568177,0.0128037586289624,0.00900565463003018,"SHH/SULF1",2
"BP","GO:0006029","proteoglycan metabolic process","3/24","90/18870",0.000197489142745097,0.0143837925632679,0.010116987663433,"ADAMTS12/CNMD/SULF1",3
"BP","GO:0090596","sensory organ morphogenesis","4/24","277/18870",0.000382993580464594,0.0257489530250811,0.0181107895539533,"ALDH1A3/COL8A1/FBN2/NECTIN3",4
"BP","GO:0060571","morphogenesis of an epithelial fold","2/24","24/18870",0.000420631706320544,0.026259436523154,0.0184698433452028,"SHH/SULF1",2
"BP","GO:0060740","prostate gland epithelium morphogenesis","2/24","26/18870",0.000494540337532453,0.0264176088979522,0.0185810955033169,"SHH/SULF1",2
"BP","GO:0090092","regulation of transmembrane receptor protein serine/threonine kinase signaling pathway","4/24","297/18870",0.000498370413644381,0.0264176088979522,0.0185810955033169,"FBN2/HTRA3/SHH/SULF1",4
"BP","GO:0090288","negative regulation of cellular response to growth factor stimulus","3/24","127/18870",0.000543391300903687,0.0264176088979522,0.0185810955033169,"ADAMTS12/HTRA3/SULF1",3
"BP","GO:0003156","regulation of animal organ formation","2/24","28/18870",0.000574295845607656,0.0264176088979522,0.0185810955033169,"SHH/SULF1",2
"BP","GO:0060512","prostate gland morphogenesis","2/24","28/18870",0.000574295845607656,0.0264176088979522,0.0185810955033169,"SHH/SULF1",2
"BP","GO:0048593","camera-type eye morphogenesis","3/24","133/18870",0.000621660220782063,0.0271665516481762,0.0191078720493013,"ALDH1A3/COL8A1/NECTIN3",3
"BP","GO:0048048","embryonic eye morphogenesis","2/24","35/18870",0.000899085023012717,0.0346814546685244,0.0243935559754525,"ALDH1A3/FBN2",2
"BP","GO:0016331","morphogenesis of embryonic epithelium","3/24","152/18870",0.000915990056962199,0.0346814546685244,0.0243935559754525,"ALDH1A3/SHH/SULF1",3
"BP","GO:0006936","muscle contraction","4/24","351/18870",0.000931476831742224,0.0346814546685244,0.0243935559754525,"CNN1/DSG2/MYL9/SULF1",4
"BP","GO:0031589","cell-substrate adhesion","4/24","356/18870",0.000981751869995602,0.0346814546685244,0.0243935559754525,"ADAMTS12/COL13A1/COL8A1/EPHA3",4
"BP","GO:0090287","regulation of cellular response to growth factor stimulus","4/24","357/18870",0.000992032456193489,0.0346814546685244,0.0243935559754525,"ADAMTS12/FBN2/HTRA3/SULF1",4
"BP","GO:0006937","regulation of muscle contraction","3/24","170/18870",0.00126505827442526,0.0425254204556801,0.0299106895653585,"CNN1/DSG2/MYL9",3
"BP","GO:0071772","response to BMP","3/24","179/18870",0.00146708735923543,0.0457940839989917,0.0322097375110336,"ADAMTS12/HTRA3/SULF1",3
"BP","GO:0071773","cellular response to BMP stimulus","3/24","179/18870",0.00146708735923543,0.0457940839989917,0.0322097375110336,"ADAMTS12/HTRA3/SULF1",3
"BP","GO:0007178","transmembrane receptor protein serine/threonine kinase signaling pathway","4/24","410/18870",0.00165332759337411,0.0498278729865164,0.0350469442660792,"FBN2/HTRA3/SHH/SULF1",4
"CC","GO:0062023","collagen-containing extracellular matrix","6/25","429/19886",1.21718789052996e-05,0.000852031523370975,0.000717500230207137,"COL12A1/COL13A1/COL8A1/FBN2/SHH/SULF1",6
"CC","GO:0005788","endoplasmic reticulum lumen","5/25","313/19886",3.83793886130455e-05,0.00134327860145659,0.00113118198017397,"ADAMTSL1/COL12A1/COL13A1/COL8A1/SHH",5
"CC","GO:0005581","collagen trimer","3/25","86/19886",0.000167664522152688,0.00391217218356271,0.00329446078615808,"COL12A1/COL13A1/COL8A1",3
"MF","GO:0030020","extracellular matrix structural constituent conferring tensile strength","3/24","45/18496",2.62811338559507e-05,0.00144546236207729,0.000912923597101447,"COL12A1/COL13A1/COL8A1",3
"MF","GO:0005201","extracellular matrix structural constituent","4/24","166/18496",5.77937598699122e-05,0.00158932839642259,0.00100378635563532,"COL12A1/COL13A1/COL8A1/FBN2",4
