L,R,pw.id,pw.name,pval,qval,L.logFC,R.logFC,LR.pval,LR.corr,rank,len,rank.pval,rank.corr,LR.score,L.expr,R.expr
ADM,TSHR,R-HSA-9660821,ADORA2B mediated anti-inflammatory cytokines production,0.034999149,0.11859345,2.095843225,4.056928807,0.32561972,1,14,27,0.383416873,1,0.188576414,7.579384435,2.663964615
B2M,HFE,R-HSA-917937,Iron uptake and transport,0.022574132,0.099384816,1.659805595,3.886649221,0.057630173,1,7,13,0.46265982,1,0.194091553,4.829159821,4.47521864
B2M,KLRD1,R-HSA-2172127,DAP12 interactions,0.042791137,0.1310725,1.659805595,1.25083007,0.29591858,1,11,21,0.38720954,1,0.210544912,4.829159821,7.044397283
CALCB,RAMP1,R-HSA-419812,Calcitonin-like ligand receptors,0.000192935,0.026210039,6.691271046,2.494426694,0.008793128,1,1,2,0.148126781,1,0.152029007,1.507102323,5.09326743
CALCB,TSHR,R-HSA-9660821,ADORA2B mediated anti-inflammatory cytokines production,0.00349734,0.040533276,6.691271046,4.056928807,0.032538017,1,14,27,0.383416873,1,0.131925792,1.507102323,2.663964615
CALR,ITGA2B,R-HSA-3000178,ECM proteoglycans,0.047590483,0.137171262,2.697018577,1.080924294,0.414002546,1,2,4,0.337613288,1,0.208114161,4.407883075,7.286328154
CALR,ITGAV,R-HSA-202733,Cell surface interactions at the vascular wall,0.010135947,0.068379822,2.697018577,1.069750081,0.194414038,1,15,29,0.353755601,1,0.134829805,4.407883075,1.10342562
CALR,LRP1,R-HSA-196854,Metabolism of vitamins and cofactors,0.043911005,0.131916079,2.697018577,1.757898263,0.258019739,1,53,98,0.416825318,1,0.215265101,4.407883075,9.012586332
CALR,TSHR,R-HSA-9660821,ADORA2B mediated anti-inflammatory cytokines production,0.032814724,0.115576016,2.697018577,4.056928807,0.305296602,1,14,27,0.383416873,1,0.170775311,4.407883075,2.663964615
CGN,TGFBR1,R-HSA-2173788,Downregulation of TGF-beta receptor signaling,0.00075301,0.036078789,1.771839267,1.126694112,0.039694935,1,10,19,0.277475489,1,0.133872457,1.226499053,3.675558667
COL14A1,CD44,R-HSA-202733,Cell surface interactions at the vascular wall,0.01664563,0.083718894,2.813806584,1.22848934,0.4165055,1,14,27,0.337613288,1,0.196776609,3.07926405,8.079167847
COL1A2,CD44,R-HSA-202733,Cell surface interactions at the vascular wall,0.010886426,0.071525685,2.375587125,1.22848934,0.272399183,1,14,27,0.337613288,1,0.231050715,7.289350668,8.079167847
COL1A2,ITGA2B,R-HSA-3000178,ECM proteoglycans,0.032396792,0.11526714,2.375587125,1.080924294,0.281828501,1,2,4,0.337613288,1,0.22731411,7.289350668,7.286328154
COL1A2,ITGAV,R-HSA-202733,Cell surface interactions at the vascular wall,0.006899955,0.055307503,2.375587125,1.069750081,0.132345604,1,15,29,0.353755601,1,0.148536956,7.289350668,1.10342562
COL2A1,ITGA10,R-HSA-447041,CHL1 interactions,0.019519931,0.091906342,1.439395132,1.084506007,0.060930691,1,1,2,0.56600607,1,0.143861941,9.316297073,0.868681446
COL2A1,ITGA2B,R-HSA-3000178,ECM proteoglycans,0.01440493,0.078132339,1.439395132,1.080924294,0.1253124,1,2,4,0.337613288,1,0.236073626,9.316297073,7.286328154
COL2A1,MAG,R-HSA-202733,Cell surface interactions at the vascular wall,0.002179679,0.037892876,1.439395132,3.115586231,0.058179666,1,14,27,0.33500476,1,0.17979839,9.316297073,1.898127431
COL2A1,TNFRSF10A,R-HSA-6803211,TP53 Regulates Transcription of Death Receptors and Ligands,0.001321059,0.036078789,1.439395132,3.175131584,0.031824198,1,3,6,0.2571785,1,0.177433752,9.316297073,1.801937681
COL4A4,CD47,R-HSA-202733,Cell surface interactions at the vascular wall,2.56135142781359e-05,0.017365963,2.496631689,1.197872446,0.000734585,1,15,29,0.337613288,1,0.141113001,0.884167016,8.042859863
COL4A4,ITGAV,R-HSA-202733,Cell surface interactions at the vascular wall,0.000535378,0.033486293,2.496631689,1.069750081,0.010268891,1,15,29,0.353755601,1,0.087153099,0.884167016,1.10342562
COL4A5,CD47,R-HSA-202733,Cell surface interactions at the vascular wall,0.000340679,0.031363056,4.033295608,1.197872446,0.009770525,1,15,29,0.337613288,1,0.185118083,2.357205683,8.042859863
COL4A5,ITGAV,R-HSA-202733,Cell surface interactions at the vascular wall,0.007120922,0.055814861,4.033295608,1.069750081,0.136583912,1,15,29,0.353755601,1,0.116615868,2.357205683,1.10342562
COL4A6,CD47,R-HSA-202733,Cell surface interactions at the vascular wall,0.000562214,0.033486293,1.490961163,1.197872446,0.01612407,1,15,29,0.337613288,1,0.222818818,5.882680723,8.042859863
COL4A6,ITGAV,R-HSA-202733,Cell surface interactions at the vascular wall,0.011751492,0.072104177,1.490961163,1.069750081,0.225401238,1,15,29,0.353755601,1,0.142810551,5.882680723,1.10342562
COL5A1,SDC3,R-HSA-202733,Cell surface interactions at the vascular wall,0.006531631,0.05367813,1.560122289,3.463472658,0.107981178,1,14,26,0.33500476,1,0.205836289,5.578883039,5.31374353
COL9A3,MAG,R-HSA-202733,Cell surface interactions at the vascular wall,0.004342105,0.04361403,2.419912492,3.115586231,0.115898825,1,14,27,0.33500476,1,0.179666835,9.273458412,1.898127431
CRH,TSHR,R-HSA-9660821,ADORA2B mediated anti-inflammatory cytokines production,0.037563931,0.123933553,1.41365263,4.056928807,0.349481542,1,14,27,0.383416873,1,0.110024271,0.83713284,2.663964615
CTHRC1,FZD5,R-HSA-4641262,Disassembly of the destruction complex and recruitment of AXIN to the membrane,0.012709101,0.07525564,1.479919577,2.031129948,0.065248124,1,13,24,0.393692207,1,0.215355821,4.770165246,8.216484943
CXCL11,CXCR3,R-HSA-373076,Class A/1 (Rhodopsin-like receptors),0.043051723,0.1310725,4.368279783,4.615436988,0.079545178,1,1,2,0.735678962,1,0.0494649,1.033364211,0.217970309
EDN3,EDNRA,R-HSA-416476,G alpha (q) signalling events,0.01626179,0.083717851,1.023409756,2.292713917,0.034760276,1,34,62,0.454808365,1,0.174927802,4.053457167,3.194582134
EFNA4,EPHA4,R-HSA-3928663,EPHA-mediated growth cone collapse,0.002137108,0.03763531,1.123728064,2.635123989,0.006308861,1,2,4,0.517208878,1,0.092482412,0.462505626,3.102882463
EFNA4,EPHA5,R-HSA-3928663,EPHA-mediated growth cone collapse,0.001566358,0.036078789,1.123728064,1.218445174,0.004623974,1,2,4,0.517208878,1,0.081195814,0.462505626,1.890932906
EFNA4,EPHA6,R-HSA-3928663,EPHA-mediated growth cone collapse,0.000567983,0.033486293,1.123728064,2.79856005,0.001676717,1,2,4,0.517208878,1,0.112162686,0.462505626,7.753968854
EFNB2,EPHA6,R-HSA-3928663,EPHA-mediated growth cone collapse,0.04668476,0.136138784,2.755074932,2.79856005,0.137815978,1,2,4,0.517208878,1,0.238930207,9.460170849,7.753968854
EFNB3,EPHB2,R-HSA-3928664,Ephrin signaling,0.029538681,0.109738222,1.186960809,3.36561734,0.053295767,1,6,11,0.520090912,1,0.227672894,6.932631864,7.743895943
F8,LRP1,R-HSA-196854,Metabolism of vitamins and cofactors,0.04288381,0.1310725,4.867399539,1.757898263,0.251983971,1,53,98,0.416825318,1,0.181460605,2.011238274,9.012586332
FASLG,FAS,R-HSA-3700989,Transcriptional Regulation by TP53,0.017916254,0.087705562,1.039304481,3.080166614,0.090941906,1,122,222,0.424456452,1,0.174846334,8.838113023,1.758966006
FBN1,ITGAV,R-HSA-202733,Cell surface interactions at the vascular wall,0.016079286,0.083717851,1.152414532,1.069750081,0.308411139,1,15,29,0.353755601,1,0.108903474,1.82358939,1.10342562
FGF11,FGFR1,R-HSA-5655302,Signaling by FGFR1 in disease,0.018666292,0.089439901,1.274315583,1.640630269,0.120825813,1,13,25,0.40029181,1,0.203849743,4.183853823,6.836289868
FGF11,FGFR3,R-HSA-5655332,Signaling by FGFR3 in disease,0.001676227,0.036078789,1.274315583,1.277643745,0.1461046,1,6,11,0.199372164,1,0.207844365,4.183853823,7.687477181
FGF12,FGFR3,R-HSA-5655332,Signaling by FGFR3 in disease,0.010653765,0.071165051,3.017378863,1.277643745,0.928611778,1,6,11,0.199372164,1,0.157486787,1.305273261,7.687477181
FGF13,FGFR3,R-HSA-5655332,Signaling by FGFR3 in disease,0.007702729,0.058351399,1.411706332,1.277643745,0.671391265,1,6,11,0.199372164,1,0.210587313,4.479577821,7.687477181
FGF18,FGFR1,R-HSA-5655302,Signaling by FGFR1 in disease,0.018233329,0.088301406,3.9098965,1.640630269,0.118023266,1,13,25,0.40029181,1,0.195494892,3.40242408,6.836289868
FGF18,FGFR3,R-HSA-5655332,Signaling by FGFR3 in disease,0.001637347,0.036078789,3.9098965,1.277643745,0.142715713,1,6,11,0.199372164,1,0.199366792,3.40242408,7.687477181
FGF1,CD44,R-HSA-202733,Cell surface interactions at the vascular wall,0.023041872,0.099515345,5.042799071,1.22848934,0.576551704,1,14,27,0.337613288,1,0.14104561,0.88067767,8.079167847
FGF1,FGFR3,R-HSA-5655332,Signaling by FGFR3 in disease,0.009077032,0.063120286,5.042799071,1.277643745,0.791179367,1,6,11,0.199372164,1,0.139826792,0.88067767,7.687477181
GDF11,ACVR2B,R-HSA-201451,Signaling by BMP,0.000346936,0.031363056,1.428855421,2.070278329,0.159323616,1,7,13,0.164010772,1,0.198347367,8.251241101,3.145206058
GDF11,BMPR1B,R-HSA-201451,Signaling by BMP,0.000649561,0.036078789,1.428855421,1.663757265,0.038355317,1,7,14,0.270688937,1,0.183247227,8.251241101,2.219497904
GDNF,GFRA2,R-HSA-8853659,RET signaling,0.018945096,0.090456162,1.543764808,2.026259631,0.429280565,1,18,33,0.32785134,1,0.117059841,0.681048897,4.747321887
GNAS,HTR6,R-HSA-9662851,Anti-inflammatory response favouring Leishmania parasite infection,0.022803002,0.099515345,3.210066339,2.081197052,0.251543051,1,25,47,0.383416873,1,0.210337354,6.062339973,5.524723884
GNAS,TSHR,R-HSA-9660821,ADORA2B mediated anti-inflammatory cytokines production,0.038147397,0.12524908,3.210066339,4.056928807,0.354909902,1,14,27,0.383416873,1,0.181423235,6.062339973,2.663964615
GZMB,CHRM3,R-HSA-399997,Acetylcholine regulates insulin secretion,0.031710544,0.1144318,2.675277491,5.366771108,0.215216845,1,2,5,0.465498664,1,0.172868495,4.33086711,2.852716513
HBEGF,CD44,R-HSA-202733,Cell surface interactions at the vascular wall,0.023479472,0.100720584,1.356596731,1.22848934,0.58750128,1,14,27,0.337613288,1,0.225769487,6.329705482,8.079167847
HBEGF,ERBB2,R-HSA-9634285,Constitutive Signaling by Overexpressed ERBB2,0.025919544,0.104083925,1.356596731,4.016856292,0.597596893,1,3,7,0.329995068,1,0.192537614,6.329705482,3.371135145
HDC,HRH1,R-HSA-416476,G alpha (q) signalling events,0.042477208,0.1310725,2.714334338,1.515169104,0.090796858,1,34,62,0.454808365,1,0.192720232,6.66240667,3.247202402
HDC,HRH2,R-HSA-9660821,ADORA2B mediated anti-inflammatory cytokines production,0.002623918,0.038258417,2.714334338,1.006549047,0.026366068,1,15,29,0.383416873,1,0.198817897,6.66240667,3.771909084
HPX,LRP1,R-HSA-196854,Metabolism of vitamins and cofactors,0.006384896,0.05367813,1.059774236,1.757898263,0.037517455,1,53,98,0.416825318,1,0.193697048,2.64897476,9.012586332
HSPG2,CHRM3,R-HSA-399997,Acetylcholine regulates insulin secretion,0.019085418,0.090521147,4.526368198,5.366771108,0.129531155,1,2,5,0.465498664,1,0.166052875,3.567730994,2.852716513
HSPG2,LRP1,R-HSA-196854,Metabolism of vitamins and cofactors,0.038001713,0.1250736,4.526368198,1.757898263,0.223296917,1,53,98,0.416825318,1,0.206496558,3.567730994,9.012586332
HSPG2,SDC1,R-HSA-202733,Cell surface interactions at the vascular wall,0.021750361,0.097326403,4.526368198,4.704614531,0.453389726,1,15,28,0.331376668,1,0.153112849,3.567730994,2.040372971
IBSP,ITGAV,R-HSA-202733,Cell surface interactions at the vascular wall,0.000245207,0.030227343,2.876847053,1.069750081,0.004703231,1,15,29,0.353755601,1,0.142388856,5.792014569,1.10342562
IGFBP4,FZD8,R-HSA-3858494,Beta-catenin independent WNT signaling,0.002017174,0.037469689,1.500580519,1.749616648,0.016967523,1,39,71,0.389266349,1,0.132368169,6.786453426,0.796852342
INHBA,ACVR2B,R-HSA-201451,Signaling by BMP,0.001373912,0.036078789,3.405232362,2.070278329,0.630941546,1,7,13,0.164010772,1,0.17445842,4.068077912,3.145206058
INHBB,ACVR2B,R-HSA-201451,Signaling by BMP,1.61669910067584e-05,0.017365963,2.196166955,2.070278329,0.007424367,1,7,13,0.164010772,1,0.191880917,6.759155171,3.145206058
JAG2,NOTCH3,R-HSA-9013507,NOTCH3 Activation and Transmission of Signal to the Nucleus,0.000824796,0.036078789,1.699835834,2.075367694,0.029372549,1,6,12,0.282656961,1,0.174780642,2.373617454,5.728607639
LAMA1,ITGB4,R-HSA-1474290,Collagen formation,0.00046118,0.033486293,1.179183226,2.188788426,0.008117153,1,36,66,0.367426343,1,0.11079283,7.034226921,0.469622933
LAMA1,ITGB8,R-HSA-1566948,Elastic fibre formation,0.015170426,0.080043179,1.179183226,1.496604945,0.222968728,1,4,9,0.368226552,1,0.232495721,7.034226921,8.734896546
LAMA2,ITGB4,R-HSA-1474290,Collagen formation,0.00136035,0.036078789,2.092510291,2.188788426,0.023943301,1,36,66,0.367426343,1,0.110445574,6.917322215,0.469622933
LAMB1,ITGAV,R-HSA-202733,Cell surface interactions at the vascular wall,0.003953363,0.041608976,2.388084797,1.069750081,0.075828064,1,15,29,0.353755601,1,0.132290777,4.029857344,1.10342562
LAMB1,ITGB4,R-HSA-1474290,Collagen formation,0.000343413,0.031363056,2.388084797,2.188788426,0.006044352,1,36,66,0.367426343,1,0.098860114,4.029857344,0.469622933
LAMB2,ITGB4,R-HSA-1474290,Collagen formation,0.00016006,0.026210039,3.600611269,2.188788426,0.002817192,1,36,66,0.367426343,1,0.094740878,3.349701783,0.469622933
LHB,TSHR,R-HSA-9660821,ADORA2B mediated anti-inflammatory cytokines production,0.007020508,0.055347723,4.367986578,4.056928807,0.065316323,1,14,27,0.383416873,1,0.170822236,4.413937002,2.663964615
LPL,CD44,R-HSA-202733,Cell surface interactions at the vascular wall,0.025064856,0.104083925,1.125617062,1.22848934,0.627170619,1,14,27,0.337613288,1,0.225655763,6.310741017,8.079167847
LPL,SDC1,R-HSA-202733,Cell surface interactions at the vascular wall,0.039391133,0.127614657,1.125617062,4.704614531,0.821114423,1,15,28,0.331376668,1,0.171430729,6.310741017,2.040372971
LRPAP1,LRP8,R-HSA-418346,Platelet homeostasis,0.040064904,0.128739359,1.876400044,3.032981289,0.784991141,1,37,69,0.374933023,1,0.208121402,8.053513544,4.053919748
LRPAP1,SORL1,R-HSA-977225,Amyloid fiber formation,0.001727301,0.036597183,1.876400044,1.928038861,0.309252464,1,4,9,0.223756771,1,0.229745712,8.053513544,7.058638942
MADCAM1,CD44,R-HSA-202733,Cell surface interactions at the vascular wall,0.016674953,0.083718894,1.802809154,1.22848934,0.417239216,1,14,27,0.337613288,1,0.202195668,3.502588856,8.079167847
MDK,SDC1,R-HSA-202733,Cell surface interactions at the vascular wall,0.032981993,0.115864204,2.679409151,4.704614531,0.687514883,1,15,28,0.331376668,1,0.096993931,0.709437847,2.040372971
MDK,SDC3,R-HSA-202733,Cell surface interactions at the vascular wall,0.033943627,0.116525463,2.679409151,3.463472658,0.561157366,1,14,26,0.33500476,1,0.121475809,0.709437847,5.31374353
MSTN,ACVR2B,R-HSA-201451,Signaling by BMP,0.001845209,0.036725541,2.019037629,2.070278329,0.84737522,1,7,13,0.164010772,1,0.184781667,5.469635429,3.145206058
NRG1,ERBB2,R-HSA-9634285,Constitutive Signaling by Overexpressed ERBB2,0.008162062,0.05971958,1.844422247,4.016856292,0.188183204,1,3,7,0.329995068,1,0.103080332,0.588413775,3.371135145
NRG4,ERBB2,R-HSA-9634285,Constitutive Signaling by Overexpressed ERBB2,0.025849179,0.104083925,1.015856836,4.016856292,0.595974576,1,3,7,0.329995068,1,0.201094795,8.204829793,3.371135145
NTN4,DCC,R-HSA-418886,Netrin mediated repulsion signals,0.021819489,0.097326403,3.173074264,2.23153071,0.176424643,1,3,7,0.426038964,1,0.225500599,5.848786046,8.7451659
PDYN,OPRK1,R-HSA-373076,Class A/1 (Rhodopsin-like receptors),0.026550322,0.10435431,1.61403399,1.347201242,0.573693109,1,1,3,0.359029434,1,0.156364398,9.223800227,1.146052291
PGF,NRP2,R-HSA-194138,Signaling by VEGF,0.012380927,0.07425525,1.679290943,2.241557505,0.02731961,1,37,69,0.464117188,1,0.180622027,9.570207186,1.900551408
PODXL2,SELL,R-HSA-202733,Cell surface interactions at the vascular wall,0.005191028,0.048311571,1.177599922,2.533418697,0.129889449,1,14,27,0.337613288,1,0.168168197,9.796619043,1.429539628
RGMA,BMPR1B,R-HSA-201451,Signaling by BMP,0.00336981,0.040533276,3.180781404,1.663757265,0.198980858,1,7,14,0.270688937,1,0.163003657,4.345429775,2.219497904
RLN2,TSHR,R-HSA-9660821,ADORA2B mediated anti-inflammatory cytokines production,0.014486771,0.078241267,1.270397283,4.056928807,0.134779796,1,14,27,0.383416873,1,0.166584853,3.90341196,2.663964615
RSPO3,FZD8,R-HSA-3858494,Beta-catenin independent WNT signaling,0.038656367,0.12619062,2.775460355,1.749616648,0.325159341,1,39,71,0.389266349,1,0.123796087,4.813698977,0.796852342
SERPING1,LRP1,R-HSA-196854,Metabolism of vitamins and cofactors,0.013622917,0.076969481,1.895898082,1.757898263,0.080047848,1,53,98,0.416825318,1,0.223085855,5.356050006,9.012586332
SHH,CDON,R-HSA-525793,Myogenesis,0.010828472,0.071525685,2.295172594,2.594061345,0.244519295,1,11,20,0.296314684,1,0.18063175,2.708262282,5.795640666
SHH,GPC5,R-HSA-5358346,Hedgehog ligand biogenesis,0.009552824,0.065093615,2.295172594,1.74023721,0.25502208,1,2,5,0.316477073,1,0.192636268,2.708262282,8.438007422
SHH,SMO,R-HSA-5358351,Signaling by Hedgehog,0.028382105,0.108411646,2.295172594,4.210640158,0.281443862,1,19,36,0.382196806,1,0.1674576,2.708262282,3.92951787
SLIT2,ROBO1,R-HSA-428542,Regulation of commissural axon pathfinding by SLIT and ROBO,0.042261204,0.1310725,3.368563094,1.553015103,0.200781841,1,2,4,0.426038964,1,0.22215731,5.858477231,7.928039362
SLIT2,SDC1,R-HSA-202733,Cell surface interactions at the vascular wall,0.019324815,0.0913047,3.368563094,4.704614531,0.402828832,1,15,28,0.331376668,1,0.169125918,5.858477231,2.040372971
SPINT1,ST14,R-HSA-6805567,Keratinization,0.032610706,0.11526714,3.027266905,2.986161632,0.091115506,1,1,2,0.598251715,1,0.100932255,0.373735281,6.775940007
TAC4,TACR3,R-HSA-416476,G alpha (q) signalling events,0.04924147,0.140571437,2.583777844,1.537827669,0.118332035,1,34,63,0.455176715,1,0.166852865,3.0157843,3.440714185
TGFB2,TGFBR1,R-HSA-2173788,Downregulation of TGF-beta receptor signaling,0.000130688,0.026210039,3.534365676,1.126694112,0.006889242,1,10,19,0.277475489,1,0.209041588,9.383869148,3.675558667
TGS1,RXRA,R-HSA-9031528,NR1H2 & NR1H3 regulate gene expression linked to triglyceride lipolysis in adipose,0.027742078,0.106567302,2.193964409,2.926037268,0.425883648,1,1,3,0.402361118,1,0.228154998,7.395363667,7.349266666
TNFSF13,FAS,R-HSA-3700989,Transcriptional Regulation by TP53,0.020700323,0.093878386,1.786854926,3.080166614,0.105073683,1,122,222,0.424456452,1,0.170514974,7.599856742,1.758966006
UBC,ERBB2,R-HSA-9634285,Constitutive Signaling by Overexpressed ERBB2,0.001296431,0.036078789,1.615873335,4.016856292,0.029890309,1,3,7,0.329995068,1,0.139437647,1.508738969,3.371135145
UBC,LRP2,R-HSA-196854,Metabolism of vitamins and cofactors,0.006974619,0.055307503,1.615873335,1.883727524,0.038161573,1,53,97,0.413565681,1,0.159665431,1.508738969,6.600743621
UBC,RIPK1,R-HSA-1834949,Cytosolic sensors of pathogen-associated DNA,0.001843112,0.036725541,1.615873335,3.44531899,0.015553311,1,16,30,0.37824261,1,0.126136773,1.508738969,2.223850768
UBC,TGFBR1,R-HSA-2173788,Downregulation of TGF-beta receptor signaling,6.1563852778129e-05,0.026210039,1.615873335,1.126694112,0.003245341,1,10,19,0.277475489,1,0.142137117,1.508738969,3.675558667
VIM,CD44,R-HSA-202733,Cell surface interactions at the vascular wall,0.023559487,0.100720584,1.514851843,1.22848934,0.589503415,1,14,27,0.337613288,1,0.240006447,9.341934361,8.079167847
VIP,TSHR,R-HSA-9660821,ADORA2B mediated anti-inflammatory cytokines production,0.02717076,0.105872271,1.217997793,4.056928807,0.25278715,1,14,27,0.383416873,1,0.139518212,1.846770355,2.663964615
WNT2,FZD5,R-HSA-4641262,Disassembly of the destruction complex and recruitment of AXIN to the membrane,0.025864968,0.104083925,1.315728744,2.031129948,0.132789924,1,13,24,0.393692207,1,0.19609682,2.992583301,8.216484943
WNT2,FZD7,R-HSA-4608870,Asymmetric localization of PCP proteins,0.019830092,0.09240414,1.315728744,1.146842728,0.100603132,1,6,12,0.420626179,1,0.201803009,2.992583301,9.868636592
WNT2,FZD8,R-HSA-3858494,Beta-catenin independent WNT signaling,0.035054931,0.11859345,1.315728744,1.749616648,0.294865734,1,39,71,0.389266349,1,0.111349082,2.992583301,0.796852342
WNT3,FZD5,R-HSA-4641262,Disassembly of the destruction complex and recruitment of AXIN to the membrane,0.038319729,0.125510998,2.015093465,2.031129948,0.196732276,1,13,24,0.393692207,1,0.216324262,4.887746547,8.216484943
WNT3,FZD7,R-HSA-4608870,Asymmetric localization of PCP proteins,0.029378879,0.109444396,2.015093465,1.146842728,0.149046572,1,6,12,0.420626179,1,0.222456171,4.887746547,9.868636592
CD47,SIRPG,R-HSA-202733,Cell surface interactions at the vascular wall,0.001262681,0.036078789,1.197872446,1.372087527,0.020874694,1,14,26,0.33500476,1,0.227226809,8.042859863,6.606756737
COL2A1,DDR1,GO:0030198,extracellular matrix organization,0.033658215,0.116525463,1.439395132,1.911875344,0.057768532,1,31,58,0.487918822,1,0.240798857,9.316297073,8.277366054
GAL,GALR3,GO:0007188,adenylate cyclase-modulating G protein-coupled receptor signaling pathway,0.006432789,0.05367813,4.482701988,2.018988749,0.079333858,1,3,7,0.383416873,1,0.154782491,2.117527945,3.591085931
GAS6,TYRO3,GO:0014065,phosphatidylinositol 3-kinase signaling,0.033114822,0.116030229,4.587992953,1.656504586,0.211557891,1,3,7,0.452744773,1,0.210272907,5.171334366,6.485915901
GNAS,ADORA1,GO:0007399,nervous system development,0.039621549,0.127617152,3.210066339,1.18857217,0.495835459,1,12,23,0.358035039,1,0.209765999,6.062339973,5.441273749
TGFB2,ENG,GO:0051897,positive regulation of protein kinase B signaling,0.008594099,0.061013601,3.534365676,2.931652525,0.009261351,1,32,59,0.560718919,1,0.220548334,9.383869148,4.858441041
