"category","subcategory","ID","Description","GeneRatio","BgRatio","pvalue","p.adjust","qvalue","geneID","Count"
"Human Diseases","Infectious disease: parasitic","hsa05144","Malaria","21/463","50/9376",4.18389852603705e-15,1.28027294896734e-12,1.05698489078831e-12,"3043/958/3586/3082/3039/3040/2993/3576/3553/3569/1378/2994/6403/3383/948/6401/3458/4233/7057/6347/1440",21
"Human Diseases","Infectious disease: bacterial","hsa05150","Staphylococcus aureus infection","28/463","99/9376",1.62946813923716e-14,2.49308625303286e-12,2.05827554429957e-12,"2359/2213/2214/3586/820/2215/1675/2209/2266/3872/3120/2358/3118/3113/8689/728/3861/2204/1668/6403/3383/3109/2357/3108/3866/1669/3868/1828",28
"Environmental Information Processing","Signaling molecules and interaction","hsa04060","Cytokine-cytokine receptor interaction","46/463","298/9376",3.04365602524615e-12,3.10452914575108e-10,2.56307875810202e-10,"355/9547/958/6355/3552/3586/3557/3579/3598/6387/3576/356/3554/8744/8740/5008/3553/50615/27177/6369/7850/56477/4982/3569/6364/970/5618/5197/3952/26525/6372/729230/6357/651/3577/3624/8808/3458/653/6354/6375/6846/8995/6347/392255/1440",46
"Environmental Information Processing","Signaling molecules and interaction","hsa04080","Neuroactive ligand-receptor interaction","52/463","370/9376",4.44991758492352e-12,3.40418695246649e-10,2.81047426416222e-10,"3274/2359/1511/7200/3001/2358/133/594857/728/6865/2561/5734/796/4922/5539/3827/5618/2555/3952/2903/4142/2357/7432/2922/5020/5746/10886/399967/5737/8973/1145/5733/8001/84539/3362/623/2890/1129/554/3361/2562/9340/2557/1135/51083/3363/1812/3357/344838/6869/2847/4161",52
"Human Diseases","Immune disease","hsa05332","Graft-versus-host disease","15/463","45/9376",1.774926707994e-09,1.08625514529233e-07,8.9680507351276e-08,"355/3552/3002/940/3120/3118/356/3113/3553/941/3569/3109/3108/3458/3821",15
"Human Diseases","Immune disease","hsa05323","Rheumatoid arthritis","21/463","95/9376",4.76505927195965e-09,2.43018022869942e-07,2.00634074608827e-07,"2353/245972/3552/940/6387/3120/3576/3118/3113/54/3553/941/3569/6364/3383/3109/6372/3108/3458/6347/4314",21
"Human Diseases","Infectious disease: parasitic","hsa05143","African trypanosomiasis","13/463","37/9376",1.05399175788276e-08,4.29791616659935e-07,3.54833120049482e-07,"355/3043/3586/3039/3040/356/3553/5579/3569/3827/3383/6401/3458",13
"Human Diseases","Endocrine and metabolic disease","hsa04940","Type I diabetes mellitus","14/463","44/9376",1.23835693470786e-08,4.29791616659935e-07,3.54833120049482e-07,"355/3552/3002/940/3120/3118/356/3113/3553/941/5798/3109/3108/3458",14
"Organismal Systems","Immune system","hsa04640","Hematopoietic cell lineage","21/463","100/9376",1.26409299017628e-08,4.29791616659935e-07,3.54833120049482e-07,"3552/2322/2209/3120/2993/3118/3554/929/3113/3553/7850/3569/1378/3676/3109/948/3108/926/915/911/1440",21
"Human Diseases","Immune disease","hsa05330","Allograft rejection","13/463","39/9376",2.19418528086659e-08,6.71420695945177e-07,5.54320492008402e-07,"355/958/3586/3002/940/3120/3118/356/3113/941/3109/3108/3458",13
"Human Diseases","Infectious disease: parasitic","hsa05140","Leishmaniasis","18/463","78/9376",2.97683777446373e-08,8.28102144532638e-07,6.83675661120857e-07,"2353/5603/2214/3552/3586/2215/2209/3120/3118/3113/5743/3553/5579/1378/3676/3109/3108/3458",18
"Environmental Information Processing","Signaling molecules and interaction","hsa04061","Viral protein interaction with cytokine and cytokine receptor","20/463","100/9376",6.70676428867543e-08,1.71022489361224e-06,1.41195037656325e-06,"9547/6355/3586/3579/6387/3576/8740/6369/56477/3569/6364/5197/6372/729230/6357/3577/6354/6375/6846/6347",20
"Organismal Systems","Immune system","hsa04672","Intestinal immune network for IgA production","14/463","50/9376",7.68470674118893e-08,1.80886174061832e-06,1.49338430598004e-06,"958/3586/940/6387/3120/3118/3113/56477/941/3569/3676/3109/29851/3108",14
"Human Diseases","Immune disease","hsa05310","Asthma","11/463","32/9376",1.89995541254606e-07,4.15275968742209e-06,3.42849097000792e-06,"958/3586/2206/3120/3118/3113/2207/6037/3109/3108/2205",11
"Organismal Systems","Development and regeneration","hsa04380","Osteoclast differentiation","22/463","142/9376",1.58192709614923e-06,3.22713127614443e-05,2.6642982671987e-05,"10990/2353/5468/5603/2213/2214/3552/2215/3726/2209/79168/10288/3554/54/11025/3553/4982/10326/353514/9021/3458/55423",22
"Organismal Systems","Immune system","hsa04657","IL-17 signaling pathway","17/463","94/9376",2.85145600476044e-06,5.45340960910434e-05,4.5022989548849e-05,"2353/6279/5603/3934/6280/3576/5743/3553/3569/6364/6278/6372/3458/6354/6347/4314/1440",17
"Environmental Information Processing","Signaling molecules and interaction","hsa04514","Cell adhesion molecule (CAM) interaction","23/463","160/9376",3.45112219666559e-06,6.21201995399806e-05,5.12860264519964e-05,"958/120425/940/3120/3118/3113/941/84189/6403/3383/3676/3109/23562/29851/3108/6614/6401/139065/926/257194/10686/5010/114798",23
"Human Diseases","Immune disease","hsa05320","Autoimmune thyroid disease","12/463","54/9376",9.39085670094842e-06,0.000159644563916123,0.000131801497557171,"355/958/3586/3002/940/3120/3118/356/3113/941/3109/3108",12
NA,NA,"hsa04082","Neuroactive ligand signaling","25/463","199/9376",1.50241402834011e-05,0.000241967732985302,0.000199766962216967,"3274/6571/94235/6865/2561/5579/2555/6572/2903/3359/1103/57084/8973/8001/3362/2890/1129/3361/2562/2557/3363/1812/3357/6531/6869",25
"Human Diseases","Cardiovascular disease","hsa05418","Fluid shear stress and atherosclerosis","20/463","142/9376",2.03528946643195e-05,0.000311399288364089,0.000257089195759826,"1728/2353/5603/1843/3552/445/858/3554/3162/59341/3553/7850/51806/4880/3383/2938/6401/5590/3458/6347",20
"Cellular Processes","Transport and catabolism","hsa04145","Phagosome","21/463","155/9376",2.31526612080381e-05,0.000337367349031412,0.000278528255134293,"30835/2213/245972/2214/2215/2209/4481/3120/3118/929/3113/4353/7277/2204/3109/4842/948/3108/51807/7057/1780",21
"Human Diseases","Immune disease","hsa05321","Inflammatory bowel disease","12/463","66/9376",7.85571673932967e-05,0.00107132769331764,0.000884481067754503,"3552/3586/3120/3118/3113/3553/50615/3569/3109/3108/3458/30009",12
"Human Diseases","Infectious disease: bacterial","hsa05152","Tuberculosis","22/463","181/9376",8.05246305434829e-05,0.00107132769331764,0.000884481067754503,"30835/5603/2213/245972/2214/3552/3586/820/2215/2209/3120/3118/929/3113/2207/3553/51806/3569/1378/3109/3108/3458",22
"Organismal Systems","Immune system","hsa04610","Complement and coagulation cascades","14/463","88/9376",9.38117651506691e-05,0.00119610000567103,0.000987492264743885,"11326/1675/2266/2162/5328/5329/728/3827/1378/5055/729/725/623/722",14
"Human Diseases","Infectious disease: bacterial","hsa05133","Pertussis","13/463","78/9376",0.000101863468261386,0.00124680885151937,0.00102935715295717,"2353/5603/23643/3552/3586/3576/929/3553/51806/3569/6372/725/722",13
"Human Diseases","Infectious disease: viral","hsa05164","Influenza A","20/463","173/9376",0.000331457599800391,0.00390100098226614,0.00322064064583376,"355/3552/64499/56000/3120/3576/3118/356/7177/3113/3553/5579/3569/3383/3109/23430/9021/3108/3458/6347",20
"Organismal Systems","Nervous system","hsa04726","Serotonergic synapse","15/463","115/9376",0.000509498410506929,0.00577431531907853,0.00476723658953852,"1843/6571/1644/5743/94235/2561/5579/3359/247/3362/3361/2562/3363/3357/3760",15
"Human Diseases","Cardiovascular disease","hsa05416","Viral myocarditis","11/463","70/9376",0.00058181706590136,0.00635842936306486,0.00524947728632806,"958/940/3120/3118/3113/941/6445/3383/3109/4842/3108",11
"Environmental Information Processing","Signal transduction","hsa04064","NF-kappa B signaling pathway","14/463","105/9376",0.000621087234333686,0.00655354116227959,0.00541056029909563,"958/23643/597/6387/3576/3554/929/5328/5743/8740/3553/5579/3383/6357",14
"Environmental Information Processing","Signal transduction","hsa04668","TNF signaling pathway","15/463","119/9376",0.000734336066182105,0.00742709543389252,0.00613176093613418,"355/2353/5603/3726/1326/5743/3553/3569/6364/3383/6372/9021/6401/6347/4314",15
"Human Diseases","Substance dependence","hsa05033","Nicotine addiction","8/463","41/9376",0.000752418164871464,0.00742709543389252,0.00613176093613418,"2561/2555/2903/57084/8973/2890/2562/2557",8
"Organismal Systems","Immune system","hsa04659","Th17 cell differentiation","14/463","109/9376",0.000906449138254618,0.00866791988455978,0.0071561774072733,"2353/5603/3120/3118/3554/3113/3553/50615/3569/3109/3108/3458/30009/915",14
NA,NA,"hsa04382","Cornified envelope formation","22/463","217/9376",0.00104982703656198,0.00973475979357473,0.00803695338994818,"6279/7062/6280/3848/3872/8689/6278/1823/3861/3892/6283/3853/23562/3887/3866/388698/3868/1828/1308/10686/6768/5010",22
"Organismal Systems","Immune system","hsa04062","Chemokine signaling pathway","20/463","193/9376",0.00133974391530124,0.0120576952377112,0.00995475355022595,"9547/6355/3579/6387/3576/94235/5579/6369/56477/6364/5197/6372/729230/6357/3577/5590/6354/6375/6846/6347",20
"Human Diseases","Immune disease","hsa05322","Systemic lupus erythematosus","16/463","143/9376",0.00180277288977731,0.0157613858363388,0.0130124960465129,"958/2214/3586/1511/940/2215/2209/3120/3118/3113/941/3109/2903/3108/729/3458",16
"Human Diseases","Substance dependence","hsa05031","Amphetamine addiction","10/463","69/9376",0.00193305948924338,0.0164310056585687,0.0135653297490764,"2353/6571/1644/5579/51806/2903/7054/2890/1812/6531",10
"Human Diseases","Cancer: overview","hsa05202","Transcriptional misregulation in cancer","20/463","201/9376",0.00218571971459235,0.0180764927747367,0.0149238330441583,"5468/958/3479/3002/2322/597/8900/2209/3576/929/5328/7850/4353/7849/3569/1053/1668/4233/1669/4314",20
"Organismal Systems","Nervous system","hsa04728","Dopaminergic synapse","15/463","133/9376",0.00229066949806312,0.0184459175370346,0.0152288276879542,"2353/5603/6571/1644/94235/5579/51806/2903/7054/2890/1812/3798/6531/6323/3760",15
"Environmental Information Processing","Signal transduction","hsa04020","Calcium signaling pathway","23/463","254/9376",0.00358660495592156,0.0281410542695384,0.0232330685403826,"3274/2255/3082/490/5350/6865/5579/51806/2252/7125/2903/4842/5737/5733/3362/623/4233/1129/3361/3363/1812/3357/6869",23
"Human Diseases","Infectious disease: parasitic","hsa05142","Chagas disease","12/463","103/9376",0.00468031147148798,0.035804382756883,0.0295598619251872,"355/2353/5603/3586/3576/356/3553/3569/3827/3458/6347/915",12
"Organismal Systems","Immune system","hsa04625","C-type lectin receptor signaling pathway","12/463","105/9376",0.00546695789051817,0.0408021735243552,0.0336860049736678,"30835/5603/3586/51266/2207/5743/3553/51806/3569/338339/1960/1959",12
NA,NA,"hsa04517","IgSF CAM signaling","25/463","299/9376",0.00686008859845909,0.0489653791315766,0.0404254936070808,"30835/5603/120425/940/2266/11141/9046/5579/941/56253/3739/7277/962/57823/84189/3383/3676/80059/139065/51807/81607/145581/114836/57144/114798",25
"Organismal Systems","Immune system","hsa04612","Antigen processing and presentation","10/463","82/9376",0.00688075589103854,0.0489653791315766,0.0404254936070808,"5641/10437/3120/3118/3113/3109/3108/3458/926/3821",10
