"Mouse_Gene","Human_Gene","Enhancer_Region","Annotation","Distance_to_TSS","RNA_Log2FC","RNA_FDR"
"Actg2","ACTG2","chr6:83541880-83542603","Distal Intergenic",-5615,1.32,"3.26e-04"
"Adamts12","ADAMTS12","chr15:11075356-11076707","Intron",10538,1.2,"9.57e-07"
"Adamts12","ADAMTS12","chr15:11173736-11174423","Intron",108918,1.2,"9.57e-07"
"Adamts12","ADAMTS12","chr15:11174581-11175452","Intron",109763,1.2,"9.57e-07"
"Adamtsl1","ADAMTSL1","chr4:86077125-86078197","Intron",-9602,1,"1.23e-03"
"Adamtsl1","ADAMTSL1","chr4:86030927-86031568","Intron",-22347,1,"1.23e-03"
"Adamtsl1","ADAMTSL1","chr4:86111150-86111991","Exon",23351,1,"1.23e-03"
"Adamtsl1","ADAMTSL1","chr4:85836249-85837810","Intron",-216105,1,"1.23e-03"
"Aldh1a3","ALDH1A3","chr7:66413275-66413801","Intron",5434,1.21,"4.94e-04"
"Aldh1a3","ALDH1A3","chr7:66531581-66533068","Distal Intergenic",-104064,1.21,"4.94e-04"
"Ano1","ANO1","chr7:144653503-144654073","Promoter",1594,1.38,"5.67e-07"
"Cnmd","CNMD","chr14:79658274-79659705","Promoter",2379,1.5,"5.18e-06"
"Cnn1","CNN1","chr9:22107732-22108279","3' UTR",3287,1.02,"9.97e-04"
"Col12a1","COL12A1","chr9:79714774-79715438","5' UTR",3056,1.39,"9.20e-08"
"Col13a1","COL13A1","chr10:61953512-61954744","Intron",23377,1.51,"1.67e-05"
"Col8a1","COL8A1","chr16:57779051-57779721","Distal Intergenic",-24314,1.68,"1.22e-08"
"Dcbld2","DCBLD2","chr16:58346895-58347438","Distal Intergenic",-61005,1.01,"4.46e-07"
"Dsg2","DSG2","chr18:20594045-20594935","Exon",35799,1.65,"1.12e-05"
"Epha3","EPHA3","chr16:63860535-63861361","Promoter",2052,1.37,"4.92e-05"
"Epha3","EPHA3","chr16:63806449-63807392","Intron",56021,1.37,"4.92e-05"
"Epha3","EPHA3","chr16:63924790-63925749","Distal Intergenic",-60615,1.37,"4.92e-05"
"Epha3","EPHA3","chr16:63753031-63753590","Intron",109823,1.37,"4.92e-05"
"Fbn2","FBN2","chr18:57960440-57961538","Distal Intergenic",65342,1.29,"6.96e-04"
"Htra3","HTRA3","chr5:35686547-35687571","Distal Intergenic",-6765,1.61,"3.69e-11"
"Medag","MEDAG","chr5:149337942-149338463","Distal Intergenic",-30013,1.35,"1.97e-04"
"Myl9","MYL9","chr2:156774748-156776368","Promoter",0,1.07,"3.12e-06"
"Nectin3","NECTIN3","chr16:46390209-46391478","3' UTR",19691,1.09,"8.84e-06"
"Nectin3","NECTIN3","chr16:46567108-46567882","Distal Intergenic",-68583,1.09,"8.84e-06"
"Nectin3","NECTIN3","chr16:46617463-46618209","Distal Intergenic",-118938,1.09,"8.84e-06"
"Nectin3","NECTIN3","chr16:47024877-47026321","Distal Intergenic",-526352,1.09,"8.84e-06"
"Pmaip1","PMAIP1","chr18:66450314-66450888","Distal Intergenic",-7645,2.02,"5.25e-12"
"Rassf10","RASSF10","chr7:112883329-112884294","Intron",-69668,1.03,"4.72e-03"
"Rassf10","RASSF10","chr7:112867855-112869030","Intron",-84932,1.03,"4.72e-03"
"Ropn1l","ROPN1L","chr15:31436067-31437436","Distal Intergenic",16301,1.36,"7.83e-06"
"Ropn1l","ROPN1L","chr15:31426023-31427235","Distal Intergenic",26502,1.36,"7.83e-06"
"Shh","SHH","chr5:28734524-28735336","Intron",-267268,1.14,"3.06e-03"
"Shh","SHH","chr5:28755868-28757307","Intron",-288612,1.14,"3.06e-03"
"Sulf1","SULF1","chr1:12833147-12833742","Promoter",-2286,1.13,"4.97e-04"
"Tekt1","TEKT1","chr11:72368043-72368562","Distal Intergenic",-5601,1.17,"1.07e-03"
"Tex26","TEX26","chr5:149441481-149442721","Promoter",1762,1.02,"1.19e-05"
"Vat1l","VAT1L","chr8:114294514-114295523","Intron",-72593,2.3,"9.51e-16"
