"ID","Description","GeneRatio","BgRatio","pvalue","p.adjust","qvalue","geneID","Count"
"GO:0030199","collagen fibril organization","3/19","65/18870",3.63395673940201e-05,0.0172249549447655,0.012049435504333,"LUM/COL3A1/COL12A1",3
"GO:0032905","transforming growth factor beta1 production","2/19","17/18870",0.000129458642515782,0.021056567062655,0.0147297770924635,"LUM/COL3A1",2
"GO:0071379","cellular response to prostaglandin stimulus","2/19","21/18870",0.000199419798567266,0.021056567062655,0.0147297770924635,"PTGER2/PTGFR",2
"GO:0030198","extracellular matrix organization","4/19","321/18870",0.00026030078256366,0.021056567062655,0.0147297770924635,"OLFML2B/LUM/COL3A1/COL12A1",4
"GO:0043062","extracellular structure organization","4/19","322/18870",0.000263406467151321,0.021056567062655,0.0147297770924635,"OLFML2B/LUM/COL3A1/COL12A1",4
"GO:0045229","external encapsulating structure organization","4/19","323/18870",0.000266538823577911,0.021056567062655,0.0147297770924635,"OLFML2B/LUM/COL3A1/COL12A1",4
"GO:0034755","iron ion transmembrane transport","2/19","31/18870",0.000438929409341199,0.0277236932758058,0.0193936561889381,"TTYH1/STEAP4",2
"GO:0034694","response to prostaglandin","2/19","32/18870",0.000467910435034696,0.0277236932758058,0.0193936561889381,"PTGER2/PTGFR",2
"GO:0007204","positive regulation of cytosolic calcium ion concentration","3/19","173/18870",0.000658684273474225,0.0346907050696425,0.0242673153385241,"CXCL13/PTGER2/PTGFR",3
"GO:0071604","transforming growth factor beta production","2/19","45/18870",0.000926676924864583,0.0439244862385812,0.0307266559297204,"LUM/COL3A1",2
