entrez,SYMBOL
497097,Xkr4
240690,St18
72481,2610203C22Rik
109294,Prex2
240725,Sulf1
240726,Slco5a1
17978,Ncoa2
14048,Eya1
98741,Kcnb2
21749,Terf1
226866,Sbspon
75799,4930444P10Rik
98711,Rdh10
78081,Crisp4
170829,Tram2
116837,Rims1
723964,Mir30c-2
68002,Sdhaf4
12823,Col19a1
210933,Adgrb3
210940,4931408C20Rik
13518,Dst
226970,Arhgef4
226971,Plekhb2
50785,Hs6st1
102465540,Mir6897
94220,Cnnm4
94218,Cnnm3
381337,Fam178b
56030,Tmem131
70853,Vwa3b
269180,Inpp4a
16764,Aff3
381338,Lonrf2
54610,Tbc1d8
263764,Creg2
100042065,Gm3646
73426,1700066B17Rik
26921,Map4k4
226999,Slc9a2
381339,Tmem182
74897,4930448I06Rik
78896,Ecrg4
53945,Slc40a1
102466969,Mir6350
56363,Tmeff2
20324,Cavin2
442821,9330175M20Rik
100045066,Gm17767
17912,Myo1b
102634661,Gm28178
98682,Mfsd6
67080,1700019D03Rik
69397,1700019A02Rik
329152,Hecw2
329154,Ankrd44
74013,Rftn2
227120,Plcl1
329159,9130227L01Rik
212712,Satb2
407809,BC055402
67198,Spats2l
271697,Cdk15
14369,Fzd7
381260,Gm973
77341,9530026F06Rik
105243940,Pard3bos2
18187,Nrp2
227195,Ino80d
433315,Gm13749
102466760,Mir6899
93691,Klf7
241075,Plekhm3
17756,Map2
14768,Lancl1
227231,Cps1
13869,Erbb4
66722,Spag16
320460,Vwc2l
12021,Bard1
74591,Abca12
108147,Atic
16011,Igfbp5
69449,1700027A15Rik
78718,D530049I02Rik
56695,Pnkd
227292,Ctdsp1
269209,Stk36
20536,Slc4a3
18505,Pax3
433323,Sgpp2
57814,Kcne4
20720,Serpine2
241128,Fam124b
210293,Dock10
102466629,Mir6344
76867,Rhbdd1
12828,Col4a3
77629,Sphkap
98496,Pid1
102465181,Mir6353
227325,Dner
100628595,Mir5126
102466882,Mir8096
77762,9930111H07Rik
71141,4933407L21Rik
71863,Tex44
19231,Ptma
208718,Dis3l2
11650,Alppl2
13599,Ecel1
100217415,Scarna6
100040766,Mroh2a
347722,Agap1
74403,4933400F21Rik
108679,Cops8
16978,Lrrfip1
51801,Ramp1
208727,Hdac4
67273,Ndufa10
14733,Gpc1
108657,Rnpepl1
381284,Crocc2
208777,Sned1
51800,Bok
18566,Pdcd1
18484,Pam
102634194,Gm29461
23836,Cdh20
100504568,Gm17634
21934,Tnfrsf11a
626049,Gm20753
98432,Phlpp1
102466254,Mir3473f
12043,Bcl2
20725,Serpinb8
241201,Cdh7
68204,2900060B14Rik
81879,Tfcp2l1
102465176,Mir6346
14633,Gli2
16324,Inhbb
319229,Sctr
13167,Dbi
73103,3110009E18Rik
68428,Steap3
13798,En1
70829,Ccdc93
15564,Htr5b
66942,Ddx18
102638832,Gm28590
72160,Tmem163
226409,Zranb3
226414,Dars
12767,Cxcr4
210417,Thsd7b
64435,Fcamr
17164,Mapkapk2
56489,Ikbke
14270,Srgap2
269116,Nfasc
240752,Pik3c2b
240753,Plekha6
100502933,Gm19461
214253,Etnk2
20668,Sox13
71884,Chit1
68507,Ppfia4
57439,Tmem183a
20980,Syt2
329251,Ppp1r12b
93689,Lmod1
215714,Gm4793
215690,Nav1
13007,Csrp1
27280,Phlda3
12292,Cacna1s
67886,Camsap2
381293,Kif14
26424,Nr5a2
735252,Mir181a-1
59125,Nek7
78229,4930596I21Rik
170788,Crb1
71209,4933436E23Rik
75910,4930590L20Rik
214498,Cdc73
26878,B3galt2
19735,Rgs2
246709,Rgs13
624910,Rgs21
215378,Brinp3
18783,Pla2g4a
545370,Hmcn1
402734,C730036E19Rik
69399,1700025G04Rik
19731,Rgl1
226518,Nmnat2
16782,Lamc2
226519,Lamc1
12290,Cacna1e
671336,Gm9530
15064,Mr1
58244,Stx6
433367,Gm5532
104009,Qsox1
74081,Cep350
11352,Abl2
30935,Tor3a
215015,Fam20b
78255,Ralgps2
240843,Brinp2
11899,Astn1
23850,Pappa2
72025,1600012P17Rik
21960,Tnr
29809,Rabgap1l
474332,Dnm3os
74895,Ccdc181
171567,Nme7
56429,Dpt
75857,4930568G15Rik
108735,Sft2d2
68481,Mpzl1
18986,Pou2f1
240892,Dusp27
80914,Uck2
110648,Lmx1a
18514,Pbx1
102466632,Mir6354
66977,Nuf2
78465,Ccdc190
70729,Nos1ap
320078,Olfml2b
14130,Fcgr2b
18071,Nhlh1
19298,Pex19
98193,Dcaf8
12372,Casq1
67556,Pigm
71870,Cfap45
12944,Crp
94332,Cadm3
383619,Aim2
54418,Fmn2
14194,Fh1
75820,Wdr64
226720,Becn2
319455,Pld5
102640488,Gm36536
545389,Cep170
76816,Sdccag8
23797,Akt3
75589,2310043L19Rik
51810,Hnrnpu
269152,Kif26b
69726,Smyd3
226744,Cnst
67426,Coq8a
277333,Gm5069
320404,Itpkb
381310,Stum
208768,Sde2
72978,Cnih3
13800,Enah
12334,Capn2
170725,Capn8
53791,Tlr5
114668,5033404E19Rik
226791,Lyplal1
320449,A730004F24Rik
21808,Tgfb2
105244050,Gm15509
67769,Gpatch2
226823,Kctd3
16526,Kcnk2
19250,Ptpn14
19130,Prox1
433390,Gm29678
320119,Rps6kc1
102634668,Gm32200
77065,Ints7
18005,Nek2
22033,Traf5
320952,A730013G03Rik
215193,Utp25
215303,Camk1g
387201,Mir205
74942,4930503O07Rik
18845,Plxna2
100628615,Mir3962
12490,Cd34
320400,Gm16897
215728,9230019H11Rik
76142,Ppp1r14c
70337,Iyd
213783,Plekhg1
270685,Mthfd1l
13982,Esr1
64009,Syne1
18390,Oprm1
215748,Cnksr3
67418,Ppil4
68652,Tab2
338362,Ust
70097,Sash1
78808,Stxbp5
215772,Adgb
268281,Shprh
22288,Utrn
56535,Pex3
66253,Aig1
102634635,Gm32172
15273,Hivep2
215798,Adgrg6
66201,Vta1
77538,C330004P14Rik
100504235,Gm20125
17684,Cited2
73112,Abracl
19707,Reps1
21929,Tnfaip3
102466647,Mir6413
71804,Mtfr2
52906,Ahi1
67692,1700020N01Rik
353169,Slc2a12
14051,Eya4
100529074,Snora33
432442,Akap7
237339,L3mbtl3
16773,Lama2
75855,4930579H20Rik
19272,Ptprk
211329,Ncoa7
69692,Hddc2
268291,Rnf217
14302,Frk
319415,Hs3st5
15182,Hdac2
17118,Marcks
75877,4930591E09Rik
215919,Rfpl4b
16775,Lama4
327743,Ccn6
14360,Fyn
103213,Traf3ip2
72472,Slc16a10
78334,Cdk19
70840,Slc22a16
71713,Cdc40
268294,Zbtb24
171580,Mical1
75973,Ccdc162
100196896,BC048559
213402,Armc2
56484,Foxo3
215951,Afg1l
268297,Scml4
74530,9030612E09Rik
71365,Pdss2
19072,Prep
78977,Popdc3
320363,D030045P18Rik
14806,Grik2
20464,Sim1
215031,Vgll2
102640560,Gm36595
74928,4930467K11Rik
56442,Serinc1
12140,Fabp7
110829,Lims1
76138,Ccdc138
103505,BB019430
237353,Sh3rf3
18451,P4ha1
215999,Mcu
216001,Micu1
102640356,Gm17059
56709,Dnajb12
74747,Ddit4
69090,Ascc1
94214,Spock2
74048,Vsir
73616,Pldi
65971,Tbata
237360,Adamts14
27355,Pald1
18119,Nodal
237362,Npffr1
12817,Col13a1
15275,Hk1
216028,Lrrtm3
102632700,Gm28881
68488,1110002J07Rik
102634101,Gm31763
28193,Reep3
108829,Jmjd1c
641340,Nrbf2
216049,Zfp365
71371,Arid5b
102635787,Gm33035
11735,Ank3
76551,Ccdc6
71721,Fam13c
319646,D630013N20Rik
216080,Ube2d1
52637,Cisd1
69718,Ipmk
11994,Pcdh15
14687,Gnaz
110279,Bcr
74392,Specc1l
103149,Upb1
104248,Cabin1
70377,Derl3
22364,Vpreb3
216119,Ybey
12833,Col6a1
59093,Pcbp3
100038479,Gm10787
12822,Col18a1
80294,Pofut2
108707,Fam207a
16414,Itgb2
100316811,Mir1930
50723,Icosl
28295,Gatd3a
216131,Trappc10
28169,Agpat3
102465548,Mir6909
237397,C2cd4c
216150,Cdc34
15166,Hcn2
216151,Polrmt
18483,Palm
216156,Wdr18
625249,Gpx4
216169,Abhd17a
103236,Csnk1g2
208228,Mob3a
11776,Ap3d1
208266,Dot1l
52551,Sgta
18717,Pip5k1c
432479,4930404N11Rik
56371,Fzr1
103425,Ncln
67933,Hcfc2
28109,Nopchap1
216190,Appl2
102637349,Gm34184
77976,Nuak1
75804,4930463O16Rik
71137,Rfx4
237422,Ric8b
74007,Btbd11
21859,Timp3
76640,1700113H08Rik
77531,Anks1b
102633753,4930534H03Rik
102633867,Gm31592
723955,Mir135a-2
627800,Gm20757
237459,Cdk17
432488,Gm17745
102465791,Mir7688
100504069,Gm15915
327799,Usp44
723908,Mir331
13998,Fgd6
319880,Tmcc3
77048,Cep83
54712,Plxnc1
628062,Gm29684
74881,4930459C07Rik
75301,4930556N09Rik
667438,Gm8633
67972,Atp2b1
382406,Poc1b
100504202,Gm20110
17311,Kitl
67569,Mgat4c
102465222,Mir6411
278279,Tmtc2
327812,Gm15663
52713,Ccdc59
327814,Ppfia2
75833,4930532I03Rik
380660,Acss3
108030,Lin7a
17878,Myf6
17931,Ppp1r12a
20979,Syt1
260315,Nav3
320150,Zdhhc17
71769,Bbs10
237553,Trhde
216343,Tph2
67342,Kcnmb4os1
72068,Cnot2
102633950,Gm26579
75878,4930579P08Rik
237558,Myrfl
327826,Frs2
102636202,Gm33337
69181,Dyrk2
73400,1700064J06Rik
67081,1700025F24Rik
70874,4921513I03Rik
74647,4930432O09Rik
192678,Rassf3
117600,Srgap1
54140,Avpr1a
102466884,Mir8104
319468,Ppm1h
67074,Mon2
14479,Usp15
20503,Slc16a7
320398,Lrig3
102632477,Gm30539
52468,Ctdsp2
216439,Agap2
71750,R3hdm2
237611,Stac3
16971,Lrp1
116848,Baz2a
83430,Il23a
19682,Rdh5
258297,Olfr827
216505,Pik3ip1
75452,Ascc2
84035,Kremen1
54125,Polm
17898,Myl7
100042173,Rps15a-ps6
209586,Nudcd3
52513,Ddx56
52915,Zmiz2
102465759,Mir7651
19291,Purb
216527,Ccm2
22373,Wap
16009,Igfbp3
319939,Tns3
60530,Fignl1
13195,Ddc
73321,1700042O10Rik
211739,Vstm2a
20335,Sec61g
13649,Egfr
72735,Eldr
68145,Etaa1
102633673,Etaa1os
327872,Gm12018
17268,Meis1
74059,4933406G16Rik
114716,Spred2
58172,Sertad2
216551,Lgalsl
67245,Peli1
18423,Otx1
216565,Ehbp1
103765,Tmem17
71316,4933430M04Rik
100038617,Gm10466
71234,4933427E13Rik
70626,5730522E02Rik
67030,Fancl
72818,2810471M01Rik
216616,Efemp1
104570,Ppp4r3b
68585,Rtn4
237711,Eml6
75087,4930505A04Rik
20856,Stc2
69556,Bod1
18197,Nsg2
104692,Gm12108
17168,Nprl3
268396,Sh3pxd2b
103583,Fbxw11
14233,Foxi1
94176,Dock2
723924,Mir218-2
211652,Wwc1
23964,Tenm2
108645,Mat2b
14401,Gabrb2
319767,Atp10b
380694,Ccnjl
16204,Fabp6
11548,Adra1b
13591,Ebf1
100504255,Gm12159
100009664,F630206G17Rik
11492,Adam19
24052,Sgcd
14694,Rack1
211007,Trim41
17308,Mgat1
258463,Olfr1393
74563,Rasgef1c
723845,Mir340
59044,Rnf130
76795,Tbc1d9b
103534,Mgat4b
17001,Ltc4s
216725,Adamts2
237759,Col23a1
22333,Vdac1
20362,Septin8
71056,4933405E24Rik
216739,Acsl6
215335,Slc36a1
20692,Sparc
216749,Nmur2
380698,Obscn
118454,Gjc2
216795,Wnt9a
268417,Zkscan17
26936,Mprip
69854,1810063I02Rik
18618,Pemt
19377,Rai1
216810,Tom1l2
246782,Atpaf2
20425,Shmt1
216821,Tmem11
24083,Natd1
16515,Kcnj12
69640,Fam83g
78883,9630013K17Rik
214384,Myocd
327946,Gm12295
237806,Dnah9
102465219,Mir6406
18208,Ntn1
77579,Myh10
237823,Pfas
216848,Chd3
327954,Dnah2
69583,Tnfsf13
619441,Tnfsfm13
14166,Fgf11
50932,Mink1
627984,Nlrp1c-ps
216881,Wscd1
73816,4930401O10Rik
327958,Pitpnm3
67279,Med31
21689,Tekt1
53313,Atp2a3
380711,Rap1gap2
103677,Smg6
237847,Rtn4rl1
215113,Slc43a2
76566,Rflnb
109934,Abr
12874,Cpd
268445,Ankrd13b
360013,Myo18a
22032,Traf4
19376,Rab34
216974,Proca1
16706,Ksr1
790912,Rab11fip4os1
268451,Rab11fip4
246104,Rhbdl3
77417,C030013C21Rik
71388,5530401A14Rik
20290,Ccl1
270893,Tmem132e
19364,Rad51d
66330,1700020L24Rik
217030,Synrg
78365,Lhx1os
78471,1700109G15Rik
12351,Car4
53892,Ppm1d
68729,Trim37
18952,Septin4
327992,Hsf5
68690,1110028F11Rik
17523,Mpo
258407,Olfr464
110809,Srsf1
103841,Cuedc1
76626,Msi2
11640,Akap1
382543,Ankfn1
18559,Pctp
72605,Car10
70834,Spag9
278507,Wfikkn2
67684,Luc7l3
54388,H1f9
18604,Pdk2
215512,Fam117a
56358,Copz2
80280,Cdk5rap3
78912,Sp2
192157,Socs7
58996,Arhgap23
103551,Epop
26446,Psmb3
108083,Pip4k2b
16796,Lasp1
72324,Plxdc1
18013,Neurod2
21833,Thra
217166,Nr1d1
406221,Krt40
27419,Naglu
217198,Plekhh3
73635,Ptges3l
17285,Meox1
72053,Tmub2
105463053,Bloodlinc
77132,2810433D01Rik
11488,Adam11
14580,Gfap
69739,2410004I01Rik
72469,Plcd3
71059,Hexim2
53859,Map3k14
56494,Gosr2
18195,Nsf
17762,Mapt
70894,Efcab3
17534,Mrc2
26406,Map3k3
18613,Pecam1
78455,Helz
54377,Cacng4
140723,Cacng5
18750,Prkca
76380,Cep112
12006,Axin2
19739,Rgs9
67927,1700096J18Rik
100036768,Gm11696
100503496,Gm45916
74008,Arsg
73257,1700023C21Rik
100038732,Gm11681
72386,2610035D17Rik
319871,4732490B19Rik
69806,Slc39a11
52670,Cpsf4l
56699,Cdc42ep4
73536,1700092K14Rik
117160,Ttyh2
72014,Btbd17
217310,Hid1
68572,Mrpl58
71947,Tmem94
76265,Tsen54
66528,Smim5
217333,Trim47
217335,Fbf1
67763,Prpsap1
11298,Aanat
217344,Rhbdf2
268510,Mgat5b
53860,Septin9
432615,Gm11733
217351,Tnrc6c
21877,Tk1
546519,Tmem235
71776,Tha1
12702,Socs3
19157,Cyth1
19039,Lgals3bp
217364,Engase
52897,Rbfox3
102465563,Mir6934
207592,Tbc1d16
338371,Endov
74370,Rptor
108100,Baiap2
12009,Cep131
72055,Slc38a10
11465,Actg1
238021,Fscn2
14104,Fasn
104318,Csnk1d
74675,Ptchd3
16570,Kif3c
13528,Dtnb
13435,Dnmt3a
668212,Efr3b
104111,Adcy3
208439,Klhl29
72669,2810032G03Rik
73575,1700101O22Rik
11852,Rhob
328059,Slc7a15
20969,Sdc1
75516,Ttc32
328061,Gm38407
77442,9530020I12Rik
76820,Cyria
70858,4921511I17Rik
18109,Mycn
14245,Lpin1
50496,E2f6
18263,Odc1
211914,Asap2
16413,Itgb1bp1
22630,Ywhaq
67216,Mboat2
77480,Kidins220
432641,Gm17746
629481,Gm29687
75243,4930549C15Rik
74668,4933409F18Rik
100504347,Gm20187
20666,Sox11
68511,Dcdc2c
94041,Allc
380752,Eipr1
102633758,Gm31508
17933,Myt1l
328075,C630031E19Rik
69675,Pxdn
12033,Bcap29
73010,Gpr22
238123,Cog5
74076,4933406C10Rik
380753,Atxn7l1
22160,Twist1
79221,Hdac9
751520,Mir680-3
66042,Sostdc1
75847,Crppa
217480,Dgkb
73867,4930428E07Rik
14009,Etv1
246196,Zfp277
238130,Dock4
102636207,Gm33340
319504,Nrcam
217517,Stxbp6
664883,Nova1
69054,1810007C17Rik
75494,1700008C04Rik
217558,G2e3
320487,Heatr5a
76826,Nubpl
238161,Akap6
27386,Npas3
112407,Egln3
26443,Psma6
18035,Nfkbia
56856,Insm2
66864,Clec14a
20334,Sec23a
70611,Fbxo33
100504101,Gm20063
238205,Lrfn5
73309,Spanxn4
238217,Rpl10l
320772,Mdga2
18974,Pole2
76062,5830428M24Rik
217666,L2hgdh
399510,Map4k5
64010,Sav1
72736,Tmx1
319710,Frmd6
67348,1700083H02Rik
208846,Daam1
238252,Gpr135
104001,Rtn1
19042,Ppm1a
76357,Trmt5
386753,Dbpht2
238271,Kcnh5
217674,Gphb5
26932,Ppp2r5e
319565,Syne2
13983,Esr2
268564,Zbtb1
100041694,Gm10451
263406,Plekhg3
20741,Sptb
17187,Max
53618,Fut8
268566,Gphn
268567,Tmem229b
211945,Plekhh1
19363,Rad51b
77290,9430078K24Rik
12192,Zfp36l1
69548,2310015A10Rik
109711,Actn1
69522,2310002D06Rik
108760,Galnt16
217682,Plekhd1
380768,Ccdc177
67340,1700052I22Rik
100526532,Mir3067
54604,Pcnx
19164,Psen1
170721,Papln
238317,Mideas
627191,Syndig1l
16997,Ltbp2
100303738,D030025P21Rik
56531,Ylpm1
238323,Rps6kl1
18654,Pgf
217715,Eif2b2
53314,Batf
58520,Erg28
320244,Ttll5
328136,Gm805
26380,Esrrb
238330,Irf2bpl
217733,Tmem63c
72113,Adck1
18191,Nrxn3
13371,Dio2
75216,Cep128
108800,Ston2
20338,Sel1l
102465890,Mir8099-1
399558,Flrt2
14420,Galc
105245437,Gm40893
104871,Spata7
76260,Ttc8
67639,4930474N09Rik
71375,Foxn3
73457,1700064M15Rik
104884,Tdp1
217826,Kcnk13
217827,Nrde2
12313,Calm1
100038713,Gm10432
104718,Ttc7b
73086,Rps6ka5
217830,Dglucy
238377,Gpr68
238384,Slc24a4
217835,Rin3
19141,Lgmn
12652,Chga
217837,Itpk1
170952,Prima1
68149,Otub2
194604,Serpina16
94040,Clmn
212073,Syne3
27381,Tcl1b2
76639,1700121N20Rik
71033,4933406K04Rik
74968,4930465M20Rik
12454,Ccnk
668158,Ccdc85c
68519,Eml1
14026,Evl
70059,Degs2
214663,Slc25a29
380785,Begain
100040724,Mirg
26931,Ppp2r5c
22031,Traf3
217866,Cdc42bpb
380787,Lbhd2
21928,Tnfaip2
212539,Gm266
17169,Mark3
12709,Ckb
68020,Coa8
74335,Xrcc3
11651,Akt1
382639,Zbtb42
217882,Cep170b
399566,Btbd6
217893,Pacs2
217935,Dync2i1
319545,D430020J02Rik
19276,Ptprn2
100038689,Gm10421
387171,Mir153
70405,Calml3
56349,Net1
94191,Adarb2
207615,Wdr37
217980,Larp4b
208440,Dip2c
66505,Zmynd11
12671,Chrm3
664793,Zp4-ps
20191,Ryr2
18073,Nid1
100503142,B230303A05Rik
56044,Rala
218030,Pou6f2
218035,Vps41
218038,Amph
76205,Stard3nl
140580,Elmo1
27052,Aoah
320842,C230035I16Rik
214189,Scgn
15192,Hdgfl1
66392,Prl2b1
72518,2610307P16Rik
102466635,Mir6368
77920,A330102I10Rik
68916,Cdkal1
218121,Mboat1
16364,Irf4
66482,Exoc2
73924,4930401O12Rik
15220,Foxq1
78903,Wrnip1
22151,Tubb2a
432745,4930447K03Rik
69666,Psmg4
73102,Slc22a23
19134,Prpf4b
23986,Eci2
12593,Cdyl
69955,Fars2
68404,Nrn1
74145,F13a1
17084,Ly86
68750,Rreb1
621976,Tmem170b
110521,Hivep1
218194,Phactr1
76137,Mcur1
12522,Cd83
328235,Gm5083
100503592,A330076C08Rik
69491,1700029N11Rik
16468,Jarid2
666794,Rbm24
16553,Kif13a
218215,Rnf144b
75607,Wnk2
68480,Card19
76895,Bicd2
75678,Ippk
407800,Ecm2
13610,S1pr3
20354,Sema4d
68203,Diras2
11992,Auh
26564,Ror2
13488,Drd1
15466,Hrh2
12890,Cplx2
107448,Unc5a
218271,B4galt7
26914,Macroh2a1
26946,Trpc7
20745,Spock1
100124491,Mir874
18212,Ntrk2
67269,Agtpbp1
214290,Tut7
328263,A530065N20Rik
69635,Dapk1
14121,Fbp1
72061,Aopep
100526474,Mir3074-1
14088,Fancc
19206,Ptch1
75522,1700024I08Rik
15487,Hsd17b3
210106,Tent4a
76980,Ube2ql1
67550,4933416O17Rik
100042291,Gm3772
74280,1700084F23Rik
75086,4930520P13Rik
73584,1700100L14Rik
218333,Ice1
77166,8030423J24Rik
16371,Irx1
328287,Gm20554
210992,Lpcat1
20499,Slc12a7
432779,Lrrc14b
238722,Zfp72
12380,Cast
18548,Pcsk1
73296,Rhobtb3
218343,Ttc37
238726,Fam81b
78771,Mctp1
105377,Slf1
68675,Fam172a
75507,Pou5f2
320174,A830082K12Rik
319983,9330111N05Rik
12626,Cetn3
17260,Mef2c
320203,C130071C03Rik
72677,2810049E08Rik
553095,Gm17750
72745,Tmem161b
66671,Ccnh
435376,Atp6ap1l
66795,Atg10
320297,A830009L08Rik
66970,Ssbp2
373852,4833422C13Rik
69085,Zcchc9
17686,Msh3
73942,Fam151b
218442,Serinc5
382793,Mtx3
57748,Jmy
100885837,Mir5624
218454,Lhfpl2
625662,Ankrd31
68344,Tmem174
238803,Zfp366
320893,6430562O15Rik
17755,Map1b
69048,Slc30a5
71174,4933416M06Rik
18708,Pik3r1
17079,Cd180
76624,1700099I09Rik
328329,Mast4
75805,Nln
108154,Adamts6
67288,Srek1ip1
52882,Rgs7bp
105120,AI197445
72257,1700006H21Rik
67263,Zswim6
75616,Smim15
71991,Ercc8
238871,Pde4d
67295,Rab3c
73129,3110015C05Rik
26401,Map3k1
102636620,Gm15326
77318,Ankrd55
170625,Snx18
56534,Hspb3
218639,Arl15
319803,A430090L17Rik
17993,Ndufs4
109700,Itga1
52552,Parp8
15165,Hcn1
71100,4933413L06Rik
56838,Ccl28
245269,Nim1k
286940,Flnb
66082,Abhd6
218699,Pxk
18300,Fam3d
74430,Cfap20dc
74859,4930455B14Rik
100042415,Mnd1-ps
547334,Fhitos
14198,Fhit
19270,Ptprg
27062,Cadps
328354,Gm5087
246103,Atxn7
218756,Slc4a7
218763,Lrrc3b
71147,Oxsm
21974,Top2b
218772,Rarb
100417973,Pou5f1-rs6
21834,Thrb
66480,Rpl15
218793,Ube2e2
14702,Gng2
11534,Adk
54169,Kat6b
435391,Dupd1
16531,Kcnma1
71228,Dlg5
20088,Rps24
102634576,Gm32123
75862,4930572O13Rik
328365,Zmiz1
100526533,Mir3075
12294,Cacna2d3
12289,Cacna1d
18753,Prkcd
328370,Rft1
16426,Itih3
64652,Nisch
24056,Sh3bp5
56794,Hacl1
78754,Galnt15
105638,Dph3
19256,Ptpn20
14560,Gdf10
239029,Antxrl
14803,Grid1
723847,Mir346
72972,Ccser2
57811,Rgr
170677,Cdhr1
66092,Ghitm
75170,Nrg3os
328381,Sh2d4b
70564,Prxl2a
218952,Fermt2
67651,4930527F14Rik
114874,Ddhd1
72391,Cdkn3
73961,4930447J18Rik
93834,Peli2
624367,Gm6498
18424,Otx2
75288,Slc35f4
546611,Klhl33
667034,Pnp2
93726,Rnase2a
497071,Rnase13
13135,Dad1
110794,Cebpe
67272,Cmtm5
18185,Nrl
56410,Cbln3
50523,Lats2
14180,Fgf9
67932,1700129C05Rik
219134,Shisa2
72125,Amer2
219140,Spata13
29820,Tnfrsf19
50720,Sacs
67355,1700109G14Rik
668253,Dleu2
67153,Rnaseh2b
239134,Gucy1b2
102465311,Mir6541
13030,Ctsb
100124452,Mir598
110265,Msra
268755,Mir124a-1hg
16554,Kif13b
54616,Extl3
380912,Zfp395
219151,Scara3
12934,Dpysl2
628416,Gm6878
246710,Rhobtb2
73523,Pebp4
13655,Egr3
57784,Bin3
20410,Sorbs3
213053,Slc39a14
72549,Reep4
15460,Hr
213484,Nudt18
14586,Gfra2
74667,4930434J06Rik
319448,Fndc3a
16432,Itm2b
67381,Med4
20916,Sucla2
380918,Siah3
75272,Erich6b
72893,2900040C04Rik
21807,Tsc22d1
72661,Serp2
73272,1700108F19Rik
73883,4930431P22Rik
210808,Lacc1
239188,Enox1
66148,Dnajc15
219189,Vwa8
100043765,Gm4632
16840,Cnmd
73989,4930452G13Rik
100038734,Gm10845
380924,Olfm4
75155,4930529K09Rik
56419,Diaph3
219249,Tdrd3
74967,4930474H20Rik
211712,Pcdh9
93688,Klhl1
13134,Dach1
76789,Mzt1
77744,Bora
52023,Pibf1
16597,Klf12
76627,Prr30
210789,Tbc1d4
380928,Lmo7
100628599,Mir5130
64929,Scel
73877,4930432J09Rik
18996,Pou4f1
320249,D130009I18Rik
76273,Ndfip2
71362,5430440P10Rik
380930,9330188P03Rik
102465207,Mir6390
75409,Slitrk5
75822,4930524C18Rik
75088,4930505G20Rik
23888,Gpc6
102465148,Mir6239
75432,1700006F04Rik
239283,Oxgr1
105559,Mbnl2
223254,Farp1
223255,Stk24
56643,Slc15a1
105445,Dock9
328479,Gm5089
110821,Pcca
69393,1700024B18Rik
100039139,Ccdc152
67041,Oxct1
223825,Mroh2b
105787,Prkaa1
545085,Wdr70
20512,Slc1a3
75568,Capsl
19116,Prlr
75777,Ttc23l
100038608,Gm10389
100502601,Gm19276
239337,Adamts12
110960,Tars
73339,1700047G03Rik
22763,Zfr
268783,Mtmr12
66629,Golph3
68070,Pdzd2
12563,Cdh6
70886,4921515E04Rik
320873,Cdh10
64833,Acot10
215654,Cdh12
320865,Cdh18
70350,Basp1
17909,Myo10
102465698,Mir7212
11732,Ank
432940,Otulin
223435,Trio
18163,Ctnnd2
223453,Dap
252967,Ropn1l
223455,Marchf6
15529,Sdc2
73486,1700084J12Rik
67154,Mtdh
17181,Matn2
77358,9430069I07Rik
666899,Gm12191
223473,Nipal2
626596,Rgs22
26942,Spag1
68839,Ankrd46
22631,Ywhaz
68036,Zfp706
252973,Grhl2
52589,Ncald
21847,Klf10
54375,Azin1
66335,Atp6v1c1
116838,Rims2
100503072,Gm16291
239393,Lrp12
328531,9330182O14Rik
102636151,Gm33301
432945,Gm16294
100418302,4930555K19Rik
83925,Trps1
14042,Ext1
100628567,Mir28c
320679,Samd12
20649,Sntb1
594843,Has2os
210463,Slc22a22
387609,Zhx2
210544,Tbc1d31
210998,Fam91a1
631797,Fer1l6
74868,Tmem65
211401,Mtss1
68501,Nsmce2
100503021,Gm19510
19296,Pvt1
432958,Gm20740
13196,Asap1
110862,Kcnq3
54562,Lrrc6
17988,Ndrg1
380993,Zfat
387226,Mir30b
387228,Mir30d
13992,Khdrbs3
75076,4930504C09Rik
100503580,Gm19782
69700,Col22a1
223604,Kcnk9
353342,Peg13
76510,Trappc9
239528,Ago2
14083,Ptk2
106068,Slc45a4
107831,Adgrb1
72960,Top1mt
378435,Mafa
105782,Scrib
18810,Plec
73062,Ppp1r16a
223665,C030006K11Rik
71939,Apol6
93686,Rbfox2
56551,Txn2
55944,Eif3d
12300,Cacng2
19293,Pvalb
73376,Tex33
207393,Elfn2
110253,Triobp
654469,Gm17753
223693,Tmem184b
494448,Cbx6
239555,Mief1
17444,Grap2
105835,Sgsm3
223701,Mrtfa
20286,Zc3h7b
57259,Tob2
78929,Polr3h
20788,Srebf2
74778,Rrp7a
75772,Pnpla5
102466642,Mir6392
170736,Parvb
73167,Arhgap8
271305,Phf21b
223739,5031439G07Rik
54138,Atxn10
102800312,Lncppara
72026,Trmu
12614,Celsr1
223753,Cerk
223754,Tbc1d22a
70073,Zdhhc25
223775,Pim3
328580,Tubgcp6
140570,Plxnb2
546648,Klhdc7b
380959,Alg10b
239606,Slc2a13
66725,Lrrk2
239618,Pdzrn4
223827,Gxylt1
67057,Yaf2
106042,Prickle1
100043315,LOC100043315
54003,Nell2
105722,Ano6
402773,D030018L15Rik
77044,Arid2
105727,Slc38a1
239647,Pced1b
56233,Hdac7
22337,Vdr
223870,Senp1
22142,Tuba1a
72572,Spats2
22379,Fmnl3
380969,Nckap5l
75284,Bcdin3d
11827,Aqp2
11831,Aqp6
65970,Lima1
239667,Dip2b
18174,Slc11a2
19009,Pou6f1
20273,Scn8a
11482,Acvrl1
209039,Tns2
223918,Spryd3
223922,Atf7
67488,Calcoco1
18574,Pde1b
14663,Glycam1
268857,Nlrc3
12914,Crebbp
11515,Adcy9
83383,Tfap4
78885,Coro7
27426,Nagpa
70511,Eef2kmt
68238,1700123O21Rik
74720,Tmem114
14811,Grin2a
13731,Emp2
12703,Socs1
223970,Rmi2
545180,Gm21859
74478,Snx29
73761,4833415N18Rik
72555,Shisa9
75493,1700003L19Rik
100124432,Mir193b
70100,2310015D24Rik
74482,Ifitm7
19090,Prkdc
12609,Cebpd
224014,Fgd4
68606,Ppm1f
22195,Ube2l3
224019,Tmem191c
72168,Aifm3
65079,Rtn4r
27801,Zdhhc8
11877,Arvcf
26462,Txnrd2
13972,Gnb1l
21380,Tbx1
18951,Septin5
68162,A930003A15Rik
11773,Ap2m1
78408,Fam131a
12724,Clcn2
71751,Map3k13
102465887,Mir8095
108168278,Gm46545
210126,Lpp
624582,Morf4l1-ps1
319487,A230028O05Rik
71338,Tprg
22061,Trp63
210530,P3h2
12737,Cldn1
100043057,Tmem207
74143,Opa1
224093,Fam43a
268880,Xxylt1
78618,Acap2
11815,Apod
22042,Tfrc
51789,Tnk2
140474,Muc4
171286,Slc12a8
77446,Heg1
224129,Adcy5
72599,Pdia5
20357,Sema5b
70186,Fam162a
207227,Stxbp5l
239845,Gpr156
56637,Gsk3b
64082,Popdc2
85031,Pla1a
67846,Tmem39a
12549,Arhgap31
74663,Tex55
102640746,Gm36742
268890,Lsamp
102466172,Mir6540
170658,Ndufs5-ps
56490,Zbtb20
13490,Drd3
212153,Ccdc191
11964,Atp6v1a
320007,Sidt1
212517,Cfap44
100526478,Mir3081
67896,Ccdc80
56370,Tagln3
58998,Nectin3
73916,Ift57
70508,Bbx
208650,Cblb
11658,Alcam
73820,4930404A05Rik
239852,Zpld1
100628589,Mir5118
66315,Senp7
71027,Tmem30c
78749,Filip1l
12837,Col8a1
73379,Dcbld2
106338,Nsun3
19128,Pros1
13837,Epha3
224291,Csnka2ip
67609,4930453N24Rik
106143,Cggbp1
73569,Vgll3
239857,Cadm2
74185,Gbe1
319533,8030451O07Rik
19876,Robo1
268902,Robo2
751561,Mir691
320355,Lipi
268903,Nrip1
102632814,Gm30790
77994,Mir99ahg
723952,Mir125b-2
67102,D16Ertd472e
19146,Tmprss15
17968,Ncam2
11820,App
11504,Adamts1
102635567,Gm32865
12013,Bach1
69699,2310079G19Rik
268905,Krtap13-1
75351,4930553J12Rik
433047,Gm20741
21844,Tiam1
26559,Hunk
207932,Urb1
50913,Olig2
50914,Olig1
16443,Itsn1
28080,Atp5o
121022,Mrps6
246133,Kcne2
54720,Rcan1
209195,Clic6
70028,Dop1b
56173,Cldn14
13548,Dyrk1a
16522,Kcnj6
16516,Kcnj15
69776,1600002D24Rik
72058,Igsf5
16415,Itgb2l
13508,Dscam
75117,4930517M08Rik
239985,Arid1b
106557,Ldhal6b
224454,Zdhhc14
78512,3300005D01Rik
20975,Synj2
68842,Tulp4
22350,Ezr
751529,Mir692-1
20112,Rps6ka2
68655,Fndc1
23984,Pde10a
319750,A230009B12Rik
69310,Pacrg
50873,Prkn
68262,Agpat4
26407,Map3k4
20518,Slc22a2
104103,Airn
72578,2700054A10Rik
21646,Tcte2
17356,Afdn
64074,Smoc2
74917,4930474M22Rik
21826,Thbs2
71682,Wdr27
328747,Gm5091
68799,Rgmb
240028,Lnpep
74149,Zfp946
13184,Dcpp1
224617,Tbc1d24
319259,Bricd5
18763,Pkd1
22084,Tsc2
14651,Hagh
71718,Telo2
71840,Tekt4
102636737,Gm33727
76483,Lmf1
64337,Gng13
214931,Fbxl16
214951,Rhbdl1
215001,Wfikkn1
100034748,A930017K11Rik
50817,Capn15
215445,Rab11fip3
106581,Fam234a
240055,Neurl1b
11974,Atp6v0e
18091,Nkx2-5
102465701,Mir7217
67097,Rps10
23969,Pacsin1
224647,Ilrun
68776,Taf11
224650,Anks1
19015,Ppard
22157,Tulp1
268936,Brpf3
26382,Fgd2
381085,Tbc1d22b
74092,Tbc1d22bos
74157,Cmtr1
68597,Ccdc167
74762,Mdga1
21769,Zfand3
224671,Btbd9
11307,Abcg1
18585,Pde9a
57261,Brd4
57875,Angptl4
100316810,Mir1894
100861531,Rn45s
627626,Ptchd4
94185,Tnfrsf21
545207,E130008D07Rik
100043332,Ankrd66
53901,Rcan2
224796,Clic5
71702,Cdc5l
210573,Tmem151b
653016,Mymx
68463,Mrpl14
433111,F630040K05Rik
56055,Gtpbp2
108114,Slc22a7
71461,Ptk7
21770,Ppp2r5d
72726,Tbcc
224829,Trerf1
12445,Ccnd3
74123,Foxp4
68224,1700067P10Rik
11811,Apobec2
70530,Lrfn2
319991,Kif6
76438,Rftn1
446210,AY702103
224860,Plcl2
12228,Btg3
328837,C330011F03Rik
20230,Satb1
100503190,Gm19585
18519,Kat2b
63993,Slc5a7
27221,Chaf1a
193796,Kdm4b
71810,Ranbp3
106639,Vmac
19725,Rfx2
16549,Khsrp
224916,Vmn2r120
69239,Pdzph1
75039,Nudt12os
13640,Efna5
50758,Fbxl17
14158,Fer
224938,Pja2
100043582,AU016765
17158,Man2a1
78057,4930583I09Rik
381107,Tmem232
213272,Txndc2
106572,Rab31
19765,Ralbp1
65960,Twsg1
68617,Mtcl1
19328,Rab12
74556,Themis3
19274,Ptprm
16772,Lama1
320858,L3mbtl4
13823,Epb41l3
22666,Zbtb14
224997,Dlgap1
100316676,Mir1195
246707,Emilin2
77889,Lbh
225010,Lclat1
71685,Galnt14
22436,Xdh
268977,Ltbp1
72722,Fam98a
50766,Crim1
268980,Strn
260409,Cdc42ep3
381110,Rmdn2
20662,Sos1
225028,Map4k3
320784,C230072F16Rik
68027,Tmem178
72167,Thumpd2
20541,Slc8a1
100503434,Gm19689
106522,Pkdcc
320021,C430042M11Rik
78148,8430430B14Rik
74473,4933433H22Rik
12193,Zfp36l2
240174,Thada
225049,Ttc7
12314,Calm2
210741,Kcnk12
17688,Msh6
225058,Gm4832
14236,Foxn2
73825,Ppp1r21
77057,Ston1
18189,Nrxn1
78800,4930480K15Rik
11516,Adcyap1
100038439,Gm10556
225115,Svil
102637682,Gm26682
240186,Zfp438
21417,Zeb1
75415,Arhgap12
16573,Kif5b
100316773,Mir1893
67974,Ccny
225164,Mib1
225182,Rbbp8
18145,Npc1
72747,Ttc39c
225192,Hrh4
225207,Zfp521
74529,8430422H06Rik
72504,Taf4b
13511,Dsg2
22139,Ttr
56386,B4galt6
17288,Mep1b
225266,Klhl14
319211,Nol4
13527,Dtna
212307,Mapre2
387182,Mir187
108013,Celf4
320624,4930474G06Rik
225326,Pik3c3
225339,Ammecr1l
13872,Ercc3
402767,A830052D11Rik
30948,Bin1
27528,Nrep
69749,Epb41l4aos
13824,Epb41l4a
11789,Apc
13476,Reep5
15526,Hspa9
12385,Ctnna1
81500,Sil1
73449,1700066B19Rik
67393,Cxxc5
74002,Psd2
100042150,Nrg2
74966,4930471G03Rik
67199,Pfdn1
240215,Slc4a9
353236,Pcdhac1
13367,Diaph1
75599,Pcdh1
73516,1700086O06Rik
65113,Ndfip1
71302,Arhgap26
14815,Nr3c1
18459,Pabpc2
383348,Kctd16
269016,Sh3rf2
240239,Gpr151
22240,Dpysl3
76217,Jakmip2
626275,A930012L18Rik
328949,Mcc
140492,Kcnn2
240261,Ccdc112
72076,Mospd4
20358,Sema6a
328953,Gm5095
67321,1700044K03Rik
106869,Tnfaip8
102635912,C030005K06Rik
67847,Sncaip
225518,Prdm6
70425,Csnk1g3
328957,9330117O12Rik
269023,Zfp608
107022,Gramd3
16906,Lmnb1
629147,Ctxn3
14119,Fbn2
240322,Adamts19
102465182,Mir6355
106878,Smim3
104027,Synpo
15531,Ndst1
12322,Camk2a
225600,Pde6a
328968,Carmn
225608,Sh3tc2
78449,2700046A07Rik
14151,Fech
83814,Nedd4l
387231,Mir122
225638,Alpk2
240354,Malt1
328977,Zfp532
70361,Lman1
320924,Ccbe1
751558,Mir694
58801,Pmaip1
68166,Spire1
52662,Ldlrad4
102465702,Mir7219
102465183,Mir6356
78931,4930546C10Rik
102465187,Mir145b
21413,Tcf4
13176,Dcc
240396,Mex3c
17128,Smad4
71263,Mro
66468,Ska1
17919,Myo5b
100503117,2010010A06Rik
17131,Smad7
100038353,Gm10532
269037,Ctif
207259,Zbtb7c
71206,Katnal2
225742,St8sia5
619308,F830208F22Rik
27411,Slc14a2
240427,Setbp1
93737,Pard6g
240442,Adnp2
66943,Slc66a2
240444,Kcng2
67655,Ctdp1
14427,Galr1
329002,Zfp236
100628586,Mir5112
329003,Zfp516
110796,Tshz1
225791,Zadh2
246102,Rttn
20589,Ighmbp2
16973,Lrp5
71670,Acy3
14870,Gstp1
29866,Cabp2
18739,Pitpnm1
18563,Pcx
20743,Sptbn2
19653,Rbm4
11474,Actn3
107975,Pacs1
66556,Drap1
114601,Ehbp1l1
72289,Malat1
332359,Tigd3
19708,Dpf2
18969,Pola2
381203,Slc22a20
69024,Snx15
74481,Batf2
13660,Ehd1
18190,Nrxn2
54683,Prdx5
102466213,Mir6990
104383,Rcor2
19879,Slc22a8
75291,Zbtb3
68693,Hnrnpul2
66395,Ahnak
22287,Scgb1a1
66514,Asrgl1
54525,Syt7
12507,Cd5
403202,A430093F15Rik
12511,Cd6
21888,Tle4
54391,Rfk
18552,Pcsk5
68994,1500015L24Rik
13409,Tmc1
75354,4930554I06Rik
83921,Cemip2
226025,Trpm3
387200,Mir204
16601,Klf9
71738,Mamdc2
319924,Apba1
76088,Dock8
107351,Kank1
67155,Smarca2
70942,4931403E22Rik
20510,Slc1a1
16452,Jak2
77779,A930007I19Rik
104174,Gldc
208449,Sgms1
72514,Fgfbp3
107221,Ffar4
110855,Pde6c
70567,Fra10ac1
56839,Lgi1
74055,Plce1
20411,Sorbs1
56454,Aldh18a1
212398,Frat2
30838,Fbxw4
71617,Armh3
107338,Gbf1
24069,Sufu
93679,Trim8
56350,Arl3
226178,Wbp1l
76952,Nt5c2
18011,Neurl1a
66673,Sorcs3
58178,Sorcs1
170750,Xpnpep1
78457,1700054A03Rik
69319,1700001K23Rik
76479,Smndc1
381232,Mirt1
73713,Rbm20
21416,Tcf7l2
226245,Plekhs1
66866,Nhlrc2
240675,Vwa2
226251,Ablim1
66540,Fam107b
209630,Frmd4a
68527,Ucma
70024,Mcm10
71648,Optn
74186,Ccdc3
227541,Camk1d
67856,Echdc3
98910,Usp6nl
14007,Celf2
14462,Gata3
18761,Prkcq
241226,Itga8
19212,Pter
227580,C1ql3
20163,Rsu1
65969,Cubn
625286,Tmem236
17533,Mrc1
74103,Nebl
13418,Dnajc1
18718,Pip4k2a
108871,4930447M23Rik
76467,Msrb2
19213,Ptf1a
71435,Arhgap21
433408,Gm13375
241263,Gpr158
227613,Tubb4b
78797,Ndor1
12496,Entpd2
14347,Fut7
19215,Ptgds
16820,Lcn3
227632,Kcnt1
67991,Nacc2
227638,Qsox2
329366,Ccdc187
22325,Vav2
20181,Rxra
12831,Col5a1
19730,Ralgds
269252,Gtf3c4
227674,Ddx31
54422,Barhl1
227693,Zer1
241296,Lrrc8a
227696,Phyhd1
12908,Crat
110854,Ptpa
78617,Cstad
665635,Gm14486
100526499,Mir3089
73598,1700001O22Rik
14269,Fnbp1
14299,Ncs1
11350,Abl1
108897,Aif1l
227723,Prrc2b
99011,Pomt1
13805,Eng
27387,Sh2d3c
20910,Stxbp1
227737,Niban2
104367,Snora65
56017,Slc2a8
26360,Angptl2
241308,Ralgps1
71834,Zbtb43
320482,Nron
72543,Mvb12b
329387,C230014O12Rik
18516,Pbx3
227743,Mapkap1
13830,Stom
100042194,Gm13446
69601,Dab2ip
20744,Strbp
241324,Crb2
227801,Dennd1a
16870,Lhx2
59126,Nek6
94217,Lrp1b
102465171,Mir6336
320872,Arhgap15os
227835,Gtdc1
24136,Zeb2
69405,1700019E08Rik
11480,Acvr2a
109241,Mbd5
227867,Epc2
16574,Kif5c
109129,Mmadhc
102634280,Gm48908
74194,Rnd3
329404,Gm13497
73375,1700057H21Rik
71409,Fmnl2
56194,Prpf40a
65103,Arl6ip6
67874,Rprm
271786,Galnt13
16519,Kcnj3
14571,Gpd2
241391,Galnt5
100042926,Gm13546
269275,Acvr1c
227937,Pkp4
76676,5330411J11Rik
66860,Tanc1
407823,Baz2b
56878,Rbms1
100038493,Gm13582
21353,Tank
94229,Slc4a10
13482,Dpp4
170738,Kcnh7
60344,Fign
20269,Scn3a
14425,Galnt3
20265,Scn1a
102466627,Mir6335
329416,Nostrin
277396,Klhl23
13427,Dync1i2
78830,Slc25a12
74541,8430437L04Rik
68526,Gpr155
215280,Wipf1
72421,Ttc30b
545428,Ccdc141
228071,Sestd1
80744,Cwc22
329436,Gm14461
22193,Ube2e3
228094,Cerkl
70599,Itprid2
18573,Pde1a
69482,Nup35
30059,Timm10
241528,Lrrc55
19271,Ptprj
228356,1110051M20Rik
228357,Lrp4
228361,Ambra1
17242,Mdk
104418,Dgkz
26427,Creb3l1
19099,Mapk8ip1
100042784,Prdm11
433456,4631405J19Rik
241556,Tspan18
12521,Cd82
11695,Alx4
14043,Ext2
11800,Api5
68170,Iftap
22034,Traf6
76501,Commd9
80985,Trim44
20511,Slc1a2
12505,Cd44
211039,BC016548
99382,Abtb2
16909,Lmo2
241589,D430041D05Rik
211936,Ccdc73
74088,Them7
19672,Rcn1
18508,Pax6
77766,Elp4
99349,Dnajc24
102640562,BB218582
212772,Arl14ep
12064,Bdnf
68201,Ccdc34
170442,Bbox1
67606,Fibin
228432,Ano3
213788,Chrm5
14260,Fmn1
20394,Scg5
320846,A530058N18Rik
67356,Tmco5
320975,D330050G23Rik
114715,Spred1
19419,Rasgrp1
27103,Eif2ak4
171543,Bmf
53906,Phgr1
214240,Disp2
56357,Ivd
623781,Gm14137
228543,Rhov
228545,Vps18
22174,Tyro3
26390,Mapkbp1
211429,Pla2g4b
98878,Ehd4
668880,Stard9
17754,Map1a
228564,Frmd5
59010,Sqor
75946,4930583P06Rik
214968,Sema6d
317750,Slc24a5
20495,Slc12a1
75823,Fam227b
56461,Kcnip3
192212,Prom2
12125,Bcl2l11
66170,Chchd5
329513,A730036I17Rik
228592,F830045P16Rik
19261,Sirpa
80743,Vps16
19262,Ptpra
69596,Ap5s1
54338,Slc23a2
70845,4921508D12Rik
12653,Chgb
241639,Fermt1
12156,Bmp2
15112,Hao1
18795,Plcb1
320684,9630028H03Rik
18798,Plcb4
241656,Pak5
319196,Ankef1
20614,Snap25
74243,Slx4ip
100316816,Mir1952
319909,Ism1
72899,Macrod2
16558,Kif16b
20639,Snrpb2
378776,Pcsk2os1
81910,Rrbp1
433481,Gm5535
69178,Snx5
66044,Dtd1
94249,Slc24a3
74030,Rin2
67877,Naa20
66877,Crnkl1
78774,Cfap61
53626,Insm1
77806,A930019D19Rik
241694,Ralgapa2
18503,Pax1
15376,Foxa2
17064,Cd93
386649,Nsfl1c
241727,Snph
75283,4930556L07Rik
100316704,Mir1953
545474,Scrt2
21407,Tcf15
12995,Csnk2a1
14950,H13
84682,Cox4i2
14239,Foxs1
228787,Xkr7
16569,Kif3b
228790,Asxl1
329540,Nol4l
13436,Dnmt3b
228802,Bpifb5
20648,Snta1
13555,E2f1
66734,Map1lc3a
56406,Ncoa6
17391,Mmp24
56046,Uqcc1
16328,Cep250
228829,Phf20
13821,Epb41l1
228836,Dlgap4
98932,Myl9
320706,Soga1
383766,Tldc2
20014,Rpn2
14601,Ghrh
20779,Src
53619,Blcap
66642,Ctnnbl1
16803,Lbp
71081,4933416E03Rik
64899,Lpin3
280635,Emilin3
71389,Chd6
19281,Ptprt
27219,Sgk2
76080,Ttpal
20568,Slpi
18830,Pltp
228866,Pcif1
228880,Zmynd8
277360,Prex1
99371,Arfgef2
56336,B4galt5
77031,Slc9a8
66589,Ube2v1
329562,A530013C23Rik
19246,Ptpn1
69372,Mocs3
11981,Atp9a
228911,Tshz2
76960,Bcas1
76829,Dok5
75655,1700028P15Rik
228942,Cbln4
17201,Mc3r
20878,Aurka
12162,Bmp7
56190,Rbm38
18534,Pck1
102465173,Mir6340
56491,Vapb
228960,Stx16
100038374,Gm10714
13616,Edn3
74189,Phactr3
381409,Cdh26
68175,4930591A17Rik
12561,Cdh4
228980,Taf4
241846,Lsm14b
99296,Hrh3
102466785,Mir7005
16776,Lama5
66481,Rps21
18216,Ntsr1
277353,Tcfl5
16536,Kcnq2
13002,Dnajc5
68556,Uckl1
20672,Sox18
18389,Oprl1
17932,Myt1
18767,Pkia
620966,Gm6194
15213,Hey1
66230,Mrps28
229055,Zbtb10
320088,C030034L19Rik
170753,Zfp704
94212,Pag1
16592,Fabp5
77127,A930001A20Rik
70441,Mir124-2hg
59058,Bhlhe22
13123,Cyp7b1
73959,4930433B08Rik
74252,Armc1
11608,Agtr1b
81004,Tbl1xr1
19784,Rprl2
635702,Naaladl2
192167,Nlgn1
13605,Ect2
100526525,Mir3092
18805,Pld1
665113,Tnik
100628591,Mir466q
75740,Egfem1
241919,Slc7a14
22401,Zmat3
625963,Gm6639
50911,Exosc9
102639848,Gm12532
24063,Spry1
381438,Gm5148
71342,5430434I15Rik
99696,Ankrd50
329628,Fat4
73852,D3Ertd751e
73173,Pcdh18
26570,Slc7a11
12457,Noct
69257,Elf2
67749,Mgarp
73251,Setd7
433586,Maml3
56458,Foxo1
102631981,Gm30173
242022,Frem2
67890,Ufm1
320604,Ccdc169
13175,Dclk1
26422,Nbea
17112,Tm4sf1
97064,Wwtr1
18645,Pfn2
67850,1700007F19Rik
72033,Tsc22d2
329650,Med12l
242050,Igsf10
84112,Sucnr1
56758,Mbnl1
102637430,Gm34240
102637511,Strit1
269437,Plch1
100125586,Vmn2r2
16497,Kcnab1
102637797,A330015K06Rik
99929,Tiparp
56706,Ccnl1
17349,Mlf1
16159,Il12a
66949,Trim59
242083,Ppm1l
26879,B3galnt1
66183,Sptssb
229389,Otol1
213262,Fstl5
76089,Rapgef2
381489,Rxfp1
14800,Gria2
320566,A830029E22Rik
54195,Gucy1b1
213582,Map9
99571,Fgg
229473,Tmem131l
229474,Fhdc1
320782,Tmem154
73283,1700036G14Rik
80877,Lrba
23937,Mab21l2
70762,Dclk2
170643,Kirrel
213498,Arhgef11
27371,Sh2d2a
12904,Crabp2
17261,Mef2d
114482879,Gm25641
12096,Bglap
102465611,Mir7011
20351,Sema4a
16905,Lmna
16800,Arhgef2
17829,Muc1
214547,She
20198,S100a4
78784,Celf3
53970,Rfx5
19185,Psmd4
17210,Mcl1
77578,Bcl9
68058,Chd1l
83679,Pde4dip
18129,Notch2
71078,Adam30
236539,Phgdh
630146,Cd101
19221,Ptgfrn
12481,Cd2
78908,Igsf3
11928,Atp1a1
242125,Mab21l3
242126,Slc22a15
18072,Nhlh2
12373,Casq2
229658,Vangl1
70747,Tspan2
329727,Dennd2c
68183,Bcas2
99543,Olfml3
75269,4930564D02Rik
78635,Kcnd3os
56543,Kcnd3
53975,Ddx20
109050,Inka2
16490,Kcna2
12977,Csf1
109674,Ampd2
229715,Amigo1
20661,Sort1
53883,Celsr2
20226,Sars
229722,Elapor1
76123,Gpsm2
329738,Aknad1
20912,Stxbp3
57257,Vav3
80883,Ntng1
99890,Prmt6
67225,Rnpc3
12814,Col11a1
229759,Olfm3
13609,S1pr1
64378,Gpr88
15247,Mfsd14a
20321,Frrs1
433646,1700061I17Rik
229791,Plppr4
99586,Dpyd
320739,6530403H02Rik
66568,Rwdd3
99887,Tlcd4
66789,Alg14
100503044,A730020M07Rik
19299,Abcd3
11304,Abca4
29815,Bcar3
214459,Fnbp1l
71647,4930447N08Rik
118449,Synpo2
69608,Sec24d
83398,Ndst3
229801,Tram1l1
64580,Ndst4
22239,Ugt8a
108058,Camk2d
109676,Ank2
402774,D030025E07Rik
170439,Elovl6
13645,Egf
23971,Papss1
74776,Ppa2
214133,Tet2
18033,Nfkb1
19055,Ppp3ca
229861,Gm567
59308,Emcn
229862,Gm4861
102466638,Mir6380
70604,Dnajb14
26377,Dapp1
102634333,1110002E22Rik
108943,Trmt10a
11529,Adh7
56224,Tspan5
229877,Rap1gds1
102635321,Gm32693
18598,Pdha2
22253,Unc5c
56376,Pdlim5
229898,Gbp5
229900,Gbp7
621809,Gm6260
16911,Lmo4
23908,Hs2st1
93684,Selenof
16007,Ccn1
12042,Bcl10
99167,Ssx2ip
56629,Dnase2b
70892,Ttll7
99633,Adgrl2
170822,Usp33
229949,Ak5
26938,St6galnac5
20447,St6galnac3
66772,Asb17
242259,Slc44a5
209601,Erich3
320840,Negr1
107869,Cth
242274,Lrrc7
68151,Wls
53378,Sdcbp
59021,Rab2a
320790,Chd7
74438,Clvs1
65973,Asph
74662,4930448K20Rik
73624,1700123O12Rik
67157,2610301B20Rik
12557,Cdh17
100503636,1700123M08Rik
68099,Cibar1
208820,Triqk
208890,Slc26a7
72519,Pip4p2
12307,Calb1
435772,Cnbd1
14590,Ggh
76132,Faxc
18992,Pou3f2
105500046,Gm30731
212377,Mms22l
81006,Gpr63
67490,Ufl1
14348,Fut9
75360,4930548K13Rik
13841,Epha7
26409,Map3k7
12014,Bach2
414068,Bach2os
140577,Ankrd6
14409,Gabrr2
24018,Rngtt
102465904,Mir8118
12801,Cnr1
73696,Platr9
73205,C9orf72
102636968,Gm12381
11428,Aco1
75819,4930509K18Rik
71293,4933428C19Rik
71901,Fam219a
68922,Dnai1
12804,Cntfr
442829,Ccin
73469,Rnf38
100628590,Mir5120
269529,Fbxo10
21916,Tmod1
242425,Gabbr2
230145,Galnt12
66212,Sec61b
68016,Cavin4
272031,Plppr1
209186,Acnat2
230163,Aldob
67063,Pgap4
242443,Grin3a
68274,Toporsl
11303,Abca1
78180,4930522O17Rik
381524,Mexis
100434,Slc44a1
242466,Zfp462
11471,Actl7b
329851,Gm12530
64817,Svep1
209131,Snx30
20530,Slc31a2
50780,Rgs3
16552,Kif12
373864,Col27a1
100182,Akna
73750,Whrn
69807,Trim32
56079,Astn2
21898,Tlr4
102633975,Gm12911
56710,Brinp1
214444,Cdk5rap2
230316,Megf9
21885,Tle1
353204,Aldoart1
242506,Frmd3
19266,Ptprd
22178,Tyrp1
545641,Gm5860
18028,Nfib
102635783,Gm11266
69863,Ttc39b
320226,Ccdc171
78238,6030471H07Rik
242509,Bnc2
338349,Cntln
20404,Sh3gl2
77739,Adamtsl1
75811,Saxo1
76376,Slc24a2
70122,Mllt3
230393,Focad
102633081,Gm12610
236537,Zfp352
15569,Elavl2
16476,Jun
230459,Cyp2j13
74519,Cyp2j9
620779,Gm12695
319865,E130114P18Rik
18027,Nfia
94043,Tm2d1
15221,Foxd3
72157,Pgm1
381534,Ube2u
11639,Ak4
18578,Pde4b
73094,Sgip1
13131,Dab1
329910,Acot11
72475,Ssbp3
242607,Slc1a7
100273,Osbpl9
13858,Eps15
15572,Elavl4
433746,Gm12830
17301,Foxd2
67182,Pdzk1ip1
140477,Dmbx1
230654,Lrrc41
108067,Eif2b3
19207,Ptch2
78611,Btbd19
381544,Armh1
66743,Rnf220
140546,Eri3
11876,Artn
20441,St3gal3
19268,Ptprf
433752,Frg2f1
14916,Guca2b
16656,Hivep3
56222,Cited4
242662,Rims3
12840,Col9a2
230709,Zmpste24
11426,Macf1
102633214,Gm12925
230738,Zc3h12a
74178,Stk40
242667,Dlgap3
14622,Gjb5
329942,Csmd2
74989,Csmd2os
54383,Phc2
15444,Hpca
230770,Tmem39b
72225,1700003M07Rik
230779,Serinc2
100217460,Snord85
20970,Sdc3
16792,Laptm5
269587,Epb41
230789,Fam76a
14191,Fgr
230793,Ahdc1
242687,Wasf2
102466215,Mir7017
269589,Sytl1
52174,Tmem222
102465707,Mir7227
74777,Selenon
102465216,Mir6403
230815,Man1c1
68592,Syf2
29876,Clic4
230824,Grhl3
230828,Il22ra1
14105,Srsf10
99982,Kdm1a
13844,Ephb2
13842,Epha8
230848,Zbtb40
22417,Wnt4
230857,Ece1
73563,1700095J12Rik
102466788,Mir7019
72269,Cda
18781,Pla2g2c
12345,Capzb
212555,Slc66a1
69116,Ubr4
212647,Aldh4a1
102636673,Gm13029
230868,Igsf21
329970,Gm13016
72754,Arhgef10l
213649,Arhgef19
13836,Epha2
22642,Zbtb17
56381,Spen
69582,Plekhm2
68817,Ddi2
214063,Dnajc16
13706,Cela2a
329977,Fhad1
100038693,Tmem51os1
102465618,Mir7021
20148,Dhrs3
77034,2510039O18Rik
230899,Nppa
17769,Mthfr
230903,Fbxo44
230904,Fbxo2
65945,Clstn1
230917,Tmem201
74646,Spsb1
100198,H6pd
13806,Eno1
68703,Rere
74155,Errfi1
21942,Tnfrsf9
105704528,Gm13090
100072,Camta1
230935,Dnajc11
70025,Acot7
100129,Gpr153
16498,Kcnab2
330004,Gm833
407793,BC039966
68859,Smim1
27390,Mmel1
269615,Plch2
76866,Morn1
20481,Ski
67513,Faap20
18762,Prkcz
69671,Tmem52
74761,Mxra8
68152,Fam133b
70797,Ankib1
14362,Fzd1
11496,Adam22
231014,Elapor2
100124492,Mir879
108069,Grm3
26875,Pclo
12293,Cacna2d1
70832,4921504A21Rik
50791,Magi2
68770,Phtf2
212167,Gsap
74511,Lrrc17
320118,Fbxl13
19699,Reln
100042049,Gm15421
269629,Lhfpl3
269630,5031425E22Rik
20817,Srpk2
16511,Kcnh2
108099,Prkag2
67261,2900005J15Rik
73571,1700096K18Rik
57434,Xrcc2
13483,Dpp6
73526,Speer4b
15563,Htr5a
13799,En2
269637,Cnpy1
381626,Rbm33
20423,Shh
433868,3110082J24Rik
83762,Otof
65254,Dpysl5
231093,Agbl5
100952,Emilin1
14284,Fosl2
665270,Plb1
21335,Tacc3
231123,Haus3
11518,Add1
71729,Rgs12
78558,Htra3
231148,Ablim2
70292,Afap1
76943,Psapl1
231151,Tada2b
117197,Bloc1s4
17160,Man2b2
71054,Ppp2r2cos
269643,Ppp2r2c
76071,Jakmip1
381634,Gm1043
12933,Crmp1
78172,4930487D11Rik
117591,Slc2a9
27278,Clnk
231207,Cpeb2
231225,Tapt1
16826,Ldb2
110391,Qdpr
66988,Lap3
78106,4930405L22Rik
80334,Kcnip4
70693,Adgra3
19017,Ppargc1a
20657,Sod3
100503884,Ccdc149
231238,Sel1l3
12425,Cckar
116873,Stim2
330086,Gm10440
54216,Pcdh7
71057,4933402J10Rik
212285,Arap2
319807,Nwd2
100532,Rell1
57915,Tbc1d1
77382,C030018K13Rik
16599,Klf3
71521,Pds5a
11787,Apbb2
433899,Grxcr1
243043,Kctd8
67980,Gnpda2
14395,Gabra2
72313,Fryl
69727,Usp46
212986,Scfd2
16924,Lnx1
18595,Pdgfra
102465620,Mir7025
16590,Kit
320827,Cracd
231326,Aasdh
29817,Igfbp7
69370,1700017L05Rik
319387,Adgrl3
100316803,Mir1187
243078,Tecrl
12617,Cenpc1
71421,Amtn
23881,G3bp2
57425,U90926
56066,Cxcl11
269113,Nup54
12492,Scarb2
384198,Fam47e
27428,Shroom3
52398,Septin11
12452,Ccng2
231470,Fras1
11745,Anxa3
231474,Paqr3
97243,Naa11
14176,Fgf5
75784,Cfap299
320292,Rasgef1b
330133,Gm38413
76003,Tmem150cos
69571,2310034O05Rik
69162,Sec31a
72145,Wdfy3
231532,Arhgap24
26414,Mapk10
19249,Ptpn13
17355,Aff1
100885831,Mir5619
13602,Sparcl1
666279,Dspp
433926,Lrrc8b
100604,Lrrc8c
231549,Lrrc8d
102635633,Gm32921
21814,Tgfbr3
384214,Ephx4
13486,Dr1
110524,Dgkq
116701,Fgfrl1
381668,Fbrsl1
231605,Galnt9
22241,Ulk1
50883,Chek2
209683,Ttc28
735278,Mir701
56305,Pitpnb
330166,Miat
12960,Crybb1
192232,Hps4
72898,Asphd2
56747,Sez6l
74376,Myo18b
320129,Grk3
243219,2900026A02Rik
52850,Sgsm1
503692,Aym1
23790,Coro1c
231637,Ssh1
26431,Git2
68420,Ankrd13a
106840,Unc119b
109154,Mlec
102466790,Mir7029
231659,Gcn1
75665,Bicdl1
19079,Prkab1
18125,Nos1
57816,Tesc
269695,Rnft2
74111,Rbm19
71772,Plbd2
252972,Tpcn1
100764,Rita1
14357,Dtx1
246728,Oas2
19247,Ptpn11
269700,Hectd4
231712,Trafd1
20239,Atxn2
13048,Cux2
320717,Pptc7
11938,Atp2a2
18439,P2rx7
67151,Psmd9
70650,Zcchc8
68184,Denr
330192,Vps37b
56325,Abcb9
19679,Pitpnm2
72650,Mtrfr
73121,Rflna
20602,Ncor2
22190,Ubc
100561,Slc15a4
319804,Glt1d1
14467,Nipsnap2
109900,Asl
12909,Crcp
22021,Tpst1
140904,Caln1
545809,Gm29681
14886,Gtf2i
269713,Clip2
13717,Eln
76629,Tmem270
12740,Cldn4
194309,Vps37d
215114,Hip1
109267,Ssc4d
74198,Dtx2
72041,Alkbh4
269717,Orai2
13047,Cux1
723975,Mir721
140709,Col26a1
14693,Gnb2
243300,Nyap1
80752,Fam20c
384244,Foxl3
18590,Pdgfa
19085,Prkar1b
68033,Cox19
545817,Cyp2w1
319772,C130050O18Rik
76854,Gper1
73212,3110082I17Rik
22255,Uncx
231830,Micall2
77998,Grifin
231842,Amz1
14673,Gna12
330222,Sdk1
231855,Ap5z1
231858,Radil
74781,Wipi2
231861,Tnrc18
14086,Fscn1
108086,Rnf216
54201,Zfp316
170935,Grid2ip
66913,Kdelr2
231871,Daglb
17341,Bhlha15
243339,Tmem130
100683,Trrap
264064,Cdk8
245880,Wasf3
623198,Gm6408
19933,Rpl21
20018,Polr1d
72587,Pan3
11987,Slc7a1
70138,2210417A02Rik
15289,Hmgb1
433966,Mm2pr
667410,Gm8615
70717,Medag
75860,Tex26
381693,Wdr95
100861794,Gm21221
320365,Fry
16591,Kl
243362,Stard13
243725,Ppp1r9a
65255,Asb4
13426,Dync1i1
50799,Slc25a13
21333,Tac1
100036521,Umad1
320312,A430035B10Rik
15893,Ica1
18231,Nxph1
17992,Ndufa4
76311,1110019D14Rik
114142,Foxp2
16543,Mdfic
102640655,Gm36669
232599,Gm4876
12389,Cav1
64213,St7
30785,Cttnbp2
76522,Lsm8
102465192,Mir6370
27999,Fam3c
19283,Ptprz1
214704,Iqub
78910,Asb15
93677,Lmod2
73178,Wasl
56463,Snd1
23917,Impdh1
69573,Hilpda
27056,Irf5
232670,Tspan33
387177,Mir182
22214,Ube2h
69337,1700012C14Rik
387223,Mir29b-1
73652,2210408F21Rik
27205,Podxl
76382,1700012A03Rik
109624,Cald1
101240,Wdr91
243753,Slc23a4
73409,1700065J11Rik
319472,9330158H04Rik
19242,Ptn
330286,D630045J12Rik
15258,Hipk2
338523,Kdm7a
72144,Slc37a3
209773,Dennd2a
57869,Adck2
434008,Tmem178b
194357,Moxd2
13848,Ephb6
12723,Clcn1
76156,Fam131b
22793,Zyx
232748,Tcaf2
18291,Nobox
29807,Tpk1
66797,Cntnap2
26965,Cul1
101095,Zfp282
100503622,Gm16630
243369,Sspo
69432,1700026J14Rik
71660,Rarres2
77485,Stk31
109648,Npy
319981,C530044C16Rik
387166,Mir148a
71982,Snx10
231991,Creb5
66873,Tril
69938,Scrn1
107607,Nod1
330323,Mindy4
330324,6430584L05Rik
11517,Adcyap1r1
11922,Neurod6
232016,Itprid1
18575,Pde1c
107569,Nt5c3
243382,Ppm1k
171201,Vmn1r21
73998,Herc3
243385,Gprin3
20617,Snca
70945,Mmrn1
232035,Ccser1
14804,Grid2
54486,Hpgds
67653,4930544G11Rik
102633773,Gm31520
14701,Gng12
320172,E230016M11Rik
52250,Reep1
66223,Mrpl35
20019,Polr1a
71265,4933431G14Rik
21415,Tcf7l1
56451,Suclg1
70753,6330415B21Rik
12386,Ctnna2
100504701,Gm20362
21336,Tacr1
66979,Pole4
20355,Sema4f
13191,Dctn1
194388,Tet3
27369,Dguok
11468,Actg2
26903,Dysf
12468,Cct7
11519,Add2
21802,Tgfa
52372,D6Ertd527e
69538,Antxr1
58182,Prokr1
23945,Mgll
17216,Mcm2
71797,Chst13
80292,Zxdc
102631993,Gm15756
54563,Nup210
67678,Lsm3
21366,Slc6a6
243548,Prickle2
67582,Slc25a26
16206,Lrig1
414067,AY512915
20917,Suclg2
320265,Tafa1
232288,Frmd4b
108655,Foxp1
73395,1700049E22Rik
232314,Ppp4r2
12661,Chl1
53870,Cntn6
16979,Lrrn1
58911,Sumf1
16438,Itpr1
67166,Arl8b
192193,Edem1
108073,Grm7
67336,1700054K19Rik
243612,Ssu2
18430,Oxtr
259302,Srgap3
72895,Setd5
110379,Sec13
11941,Atp2b2
243616,Slc6a11
74244,Atg7
232334,Vgll4
81896,Ift122
67784,Plxnd1
71779,Marchf8
20315,Cxcl12
100126203,6820426E19Rik
72263,1700030F04Rik
70727,Rasgef1a
19713,Ret
73531,1700069P05Rik
102632423,Gm30498
12288,Cacna1c
22419,Wnt5b
111173,Erc1
29862,Ninj2
73505,1700072O05Rik
330409,Cecr2
14562,Gdf3
20527,Slc2a3
14792,Lpcat3
14695,Gnb3
16768,Lag3
12527,Cd9
100038574,Gm10415
12444,Ccnd2
232386,Gm38404
101187,Parp11
381812,Cracr2a
109246,Tspan9
21679,Tead4
71149,Tex52
791299,Gm10069
232400,A2ml1
232414,Clec9a
56644,Clec7a
56449,Ybx3
14011,Etv6
16974,Lrp6
70686,Dusp16
381822,Lockd
93746,Gprc5d
13730,Emp1
14812,Grin2b
54343,Atf7ip
69187,Erp27
19277,Ptpro
56615,Mgst1
109593,Lmo3
109135,Plekha5
11569,Aebp2
54611,Pde3a
100093700,Gm10400
20928,Abcc9
75904,4930579D09Rik
73425,1700060C16Rik
20678,Sox5
12035,Bcat1
381827,1700073E17Rik
74071,Lmntd1
71323,Rassf8
79362,Bhlhe41
16651,Sspn
16439,Itpr2
232539,Klhl42
100039641,E330012B07Rik
67015,Ccdc91
100039727,1700049E15Rik
67456,Ergic2
387314,Tmtc1
320727,Ipo8
57776,Ttyh1
243813,Leng9
102640043,Gm36210
232816,Zfp628
269855,Ssc5d
23877,Fiz1
100499513,Mir3099
232878,Zscan22
243846,Ccdc9
170770,Bbc3
330474,Zc3h4
102634559,Gm29443
434128,Pnmal2
232933,Ccdc61
68188,Sympk
243867,Fbxo46
22323,Vasp
232944,Mark4
232947,Ppp1r37
11812,Apoc1
71997,Smg9
210145,Irgc1
210146,Irgq
16801,Arhgef1
102465633,Mir7046
14809,Grik5
102465968,Mir6537
18987,Pou2f2
434147,D930028M14Rik
13875,Erf
72383,Cnfn
16890,Lipe
12039,Bckdha
52132,Ccdc97
108075,Ltbp4
80297,Sptbn4
11652,Akt2
215384,Fcgbp
14113,Fbl
101497,Plekhg2
71984,Sars2
68458,Ppp1r14a
74206,Sipa1l3
330503,Gm5113
12336,Capns1
100504207,Arhgap33os
58206,Zbtb32
243914,Lgi4
17178,Fxyd3
14751,Gpi1
233107,Kctd15
18624,Pepd
233115,Dpy19l3
668501,Zfp507
243931,Tshz3
243937,Zfp536
19777,Uri1
210104,Zfp658
20981,Syt3
68352,Aspdh
71368,5430431A17Rik
22260,Nr1h2
69578,2310016G11Rik
22116,Tsks
14344,Fut2
14814,Grin2d
18419,Otog
17927,Myod1
16502,Kcnc1
27414,Sergef
20210,Saa3
16828,Ldha
67893,Tmem86a
78286,Nav2
108167511,9130015G15Rik
338352,Nell1
14453,Gas2
20430,Cyfip1
14402,Gabrb3
100124439,Mir344-2
170711,Otud7a
381994,E030018B13Rik
50794,Klf13
73724,Mcee
11784,Apba2
70638,Fam189a1
21872,Tjp1
100503969,1810008I18Rik
18553,Pcsk6
269941,Chsy1
233328,Lrrk1
56847,Aldh1a3
233332,Adamts17
67867,Lrrc28
16001,Igf1r
78444,Pgpep1l
434197,Fam169b
434198,B130024G19Rik
244049,Mctp2
625243,Gm6567
100505025,4930429H19Rik
244058,Rgma
244059,Chd2
69170,Chaserr
108116,Slco3a1
64176,Sv2b
207952,Klhl25
18213,Ntrk3
414121,E430016F16Rik
67308,Mrpl46
19771,Rlbp1
101694,Mir9-3hg
209225,Zfp710
269951,Idh2
140481,Man2a2
14159,Fes
12144,Blm
434203,Slc28a1
100316717,Mir1839
244091,Fsd2
20408,Sh3gl3
77800,4933406J10Rik
330578,A530021J07Rik
70178,Abhd17c
11864,Arnt2
78329,2310010J17Rik
23859,Dlg2
66365,Ccdc90b
75985,Rab30
100040298,Gm15501
23966,Tenm4
21835,Thrsp
233529,Kctd14
101861,Ints4
14918,Gucy2d
434215,Lrrc32
233545,Emsy
72981,Thap12
78610,Uvrag
233549,Mogat2
17760,Map6
233552,Gdpd5
72184,Klhl35
109689,Arrb1
446101,Xrra1
108937,Rnf169
69121,Chrdl2
68185,Coa4
319604,Fam168a
207212,Arhgef17
18442,P2ry2
56018,Stard10
259083,Olfr547
11785,Apbb1
55992,Trim3
233651,Dchs1
19024,Ppfibp2
22141,Tub
20947,Swap70
319934,Sbf2
11717,Ampd3
114332,Lyve1
75479,1700012D14Rik
233733,Galnt18
50781,Dkk3
320878,Mical2
21676,Tead1
78748,Rassf10
75239,4930543E12Rik
11865,Arntl
233744,Spon1
26440,Psma1
20679,Sox6
233765,Plekha7
233781,Xylt1
267019,Rps15a
64297,Gprc5b
67133,Gp2
75793,4933432K03Rik
20277,Scnn1b
18751,Prkcb
233833,Tnrc6a
30949,Lcmt1
628779,Hs3st4
77035,Kdm8
16190,Il4ra
233865,Katnip
269994,Gsg1l
104175,Sbk1
68952,Tlcd3b
69017,Prrt2
12055,Bcl7c
233902,Fbxl19
101502,Hsd3b7
56216,Stx1b
67865,Rgs10
207425,Wdr11
14183,Fgfr2
57752,Tacc2
56213,Htra1
233919,Gpr26
55987,Cpxm2
77590,Chst15
100043682,Gm10584
76429,Lhpp
77938,Fam53b
109359,Abraxas2
13017,Ctbp2
74970,4930483O08Rik
73808,Tex36
66165,Bccip
101437,Dhx32
11489,Adam12
330662,Dock1
627214,Insyn2a
77383,C030029H02Rik
621677,Gm6249
100038555,Gm10578
620016,Gm12669
70571,Tcerg1l
75187,4930543N07Rik
52432,Ppp2r2d
74004,Jakmip3
26757,Dpysl4
93747,Echs1
71448,Tmem80
98845,Eps8l2
68267,Slc25a22
74180,Muc5b
75770,Brsk2
320802,Ifitm10
55925,Syt8
16002,Igf2
27027,Tspan32
27267,Cars
13360,Dhcr7
102465217,Mir6404
210274,Shank2
233977,Ppfia1
101772,Ano1
100040049,Smim38
69697,Camsap3
170780,Cd209e
67260,Cers4
20494,Slc10a2
13642,Efnb2
234023,Arglu1
270028,Fam155a
319583,Lig4
244281,Myo16
71624,4833411C07Rik
619321,9530052E02Rik
12826,Col4a1
54126,Arhgef7
75528,Tex29
78634,Spaca7
17207,Mcf2l
99375,Cul4a
272465,Tmem255b
19414,Rasa3
403185,Cfap97d2
244310,Dlgap2
74901,Kbtbd11
94109,Csmd1
244329,Mcph1
11601,Angpt2
20516,Slc20a2
244349,Kat6a
102247,Gpat4
20377,Sfrp1
74489,5430421F17Rik
14182,Fgfr1
73754,Thap1
72316,2310008N11Rik
66959,Dusp26
211323,Nrg1
19663,Rbpms
102465211,Mir6395
330734,B930018H19Rik
244416,Ppp1r3b
52065,Mfhas1
330737,5430403N17Rik
319582,Trmt9b
102103,Mtus1
14300,Frg1
14107,Fat1
234214,Sorbs2
14081,Acsl1
408022,Primpol
16363,Irf2
71069,Stox2
75677,Cldn22
330767,1190028D05Rik
234267,Gpm6a
18004,Nek1
59009,Sh3rf1
21892,Tll1
12876,Cpe
407795,Smim31
234344,Naf1
17962,Nat3
234353,Psd3
73609,1700125H03Rik
234356,Csgalnact1
80720,Pbx4
234366,Gatad2a
234371,Tmem161a
73095,Slc25a42
382056,Crtc1
71780,Isyna1
66522,Pgpep1
50783,Lsm4
19339,Rab3a
70359,Gtpbp3
100037278,Niban3
382018,Unc13a
74015,Fcho1
16598,Klf2
100628574,Mir28b
110784,Nr3c2
70345,0610038B21Rik
73301,Ttc29
76775,Slc10a7
622675,Zfp827
67687,1700011L22Rik
109136,Mmaa
17125,Smad1
68999,Anapc10
15245,Hhip
14388,Gab1
74841,Usp38
30932,Zfp330
71310,Tbc1d9
106529,Tecr
26364,Adgre5
330814,Adgrl1
244551,Nanos3
387216,Mir23a
12286,Cacna1a
18032,Nfix
23863,Dand5
244562,Abcc12
666945,Gm10638
100038706,Gm10637
100040294,Gm2694
330820,4933402J07Rik
94187,Zfp423
11513,Adcy7
26992,Brd7
93960,Nkd1
244579,Tox3
26383,Fto
270084,Lpcat2
20538,Slc6a2
108167546,Gm30606
14681,Gnao1
20295,Ccl17
333329,Cngb1
14719,Got2
100873092,Gm15679
12564,Cdh8
234624,A330008L17Rik
69794,1600027J07Rik
12562,Cdh5
546096,Gm29682
57813,Tk2
75458,Cklf
97487,Cmtm4
234663,Dync1li2
234669,Ces2b
234673,Ces2e
67971,Tppp3
70796,Zdhhc1
11972,Atp6v0d1
70575,Gfod2
244631,Pskh1
58994,Smpd3
12550,Cdh1
116733,Vps4a
66427,Cyb5b
66894,Wwp2
109215,Lncbate1
11906,Zfhx3
100526511,Mir3108
234729,Vac14
244654,Mtss2
76527,Il34
102339,Cog4
20340,Glg1
234736,Rfwd3
338521,Fa2h
170737,Znrf1
12927,Bcar1
56773,Chst5
270097,Vat1l
17132,Maf
74440,Cmip
74032,Sdr42e1
12554,Cdh13
72042,Cotl1
22224,Usp10
382034,Gse1
142682,Zcchc14
53325,Banp
195209,Zfp469
22761,Zfpm1
170732,Trhr2
234839,Piezo1
382035,Pabpn1l
12398,Cbfa2t3
257633,Acsf3
12555,Cdh15
77087,Ankrd11
234863,6030466F02Rik
73420,Ccsap
56199,Abcb10
108148,Galnt2
209966,Pgbd5
11606,Agt
73647,Capn9
244666,Sprtn
112405,Egln1
244667,Disc1
244668,Sipa1l2
74393,Map10
16525,Kcnk1
270110,Irf2bp2
414091,A630001O12Rik
93742,Pard3
16412,Itgb1
12364,Casp12
100885830,Mir5618
22601,Yap1
22068,Trpc6
102634431,Gm32014
71544,Arhgap42
102466147,Mir6237
244682,Cntn5
18689,Phxr4
270118,Maml2
71946,Endod1
14608,Gpr83
55991,Panx1
170748,Smco4
234967,Slc36a4
270120,Fat3
18322,Olfr24
244723,Olfm2
13433,Dnmt1
18577,Pde4a
13430,Dnm2
16835,Ldlr
319899,Dock6
624219,Angptl8
19340,Rab3d
12797,Cnn1
319845,Bbs9
319239,Npsr1
244745,Dpy19l1
76898,B3gat1
75469,Spata19
330908,Opcml
235106,Ntm
102607,Snx19
235130,Adamts15
30806,Adamts8
11804,Aplp2
235135,Tmem45b
330914,Arhgap32
16521,Kcnj5
56379,Kcnj1
14247,Fli1
23871,Ets1
67703,Kirrel3
20443,St3gal4
69305,Dcps
16430,Stt3a
235180,Fez1
208076,Pknox2
22619,Siae
235283,Gramd1b
71566,Clmp
72828,Ubash3b
73144,Mir100hg
110637,Grik4
72169,Trim29
58235,Nectin1
235312,C1qtnf5
84004,Mcam
102465658,Mir7085
22269,Upk2
27425,Atp5l
72229,Lncbate3
59095,Fxyd6
114873,Dscaml1
74602,4833428L15Rik
70661,Sik3
74361,4931429L15Rik
73040,2900052N01Rik
215467,Gm4791
54725,Cadm1
244853,Nxpe4
18113,Nnmt
235320,Zbtb16
17967,Ncam1
12955,Cryab
73699,Ppp2r1b
18985,Pou2af1
69809,1810046K07Rik
244867,Arhgap20
382139,Gm1715
77591,Ddx10
19200,Pstpip1
235402,Lingo1
121021,Cspg4
74211,1700017B05Rik
66812,Ppcdc
102414,Clk3
69459,Ubl7
20361,Sema7a
13070,Cyp11a1
382077,Ccdc33
26968,Islr
18007,Neo1
72141,Adpgk
23958,Nr2e3
207596,Thsd4
102747,Lrrc49
330956,Gm5122
93683,Glce
330958,A730043L09Rik
11737,Anp32a
235431,Coro2b
14155,Fem1b
207667,Skor1
17127,Smad3
93841,Uchl4
53869,Rab11a
74388,Dpp8
19289,Igdcc3
214424,Parp16
74492,Kbtbd13
330963,Ankdd1a
102595,Plekho2
214812,Zfp609
382083,Snx22
56440,Snx1
76459,Car12
100502636,Gm19299
434412,Gm20745
19378,Aldh1a2
21406,Tcf12
17999,Nedd4
235472,Prtg
55981,Pigb
66991,Khdc3
208898,Unc13c
546144,Wdr72
235493,Fam214a
17918,Myo5a
235497,Leo1
50875,Tmod3
70082,Lysmd2
208982,Hmgcll1
214345,Lrrc1
14531,Gcm1
56542,Cilk1
235505,Cd109
12816,Col12a1
70598,Filip1
17920,Myo6
83946,Phip
94353,Hmgn3
75782,Lca5
212531,Sh3bgrl2
83603,Elovl4
12040,Bckdhb
212943,Tent5a
108837,Ibtk
21983,Tpbg
70348,Ube2cbp
20616,Snap91
244958,Mrap2
382090,Cep162
76365,Tbx18
23959,Nt5e
107885,Mthfs
209743,Minar1
22774,Zic4
100504689,Plscr5
78459,1700057G04Rik
78349,1700034K08Rik
102465763,Mir7656
331004,Slc9a9
211586,Tfdp2
11933,Atp1b3
114713,Rasa2
235534,Pxylp1
211949,Spsb4
192287,Slc25a36
23873,Faim
272636,Esyt3
17532,Mras
102633035,Gm28979
270190,Ephb1
102466241,Mir7243
16716,Ky
69010,Anapc13
56332,Amotl2
20187,Ryk
20818,Srprb
22041,Trf
107993,Bfsp2
319215,4932413F04Rik
81907,Tmem108
74025,Nphp3
387153,Mir135a-1
235587,Parp3
208869,Dock3
102626,Mapkapk3
20347,Sema3b
76257,Slc38a3
22036,Traip
84585,Rnf123
12217,Bsn
76873,4930447F24Rik
11848,Rhoa
78267,Klhdc8b
69384,Tmem89
12836,Col7a1
17758,Map4
20588,Smarcc1
72654,Ccdc12
21667,Tdgf1
17350,Mlh1
20840,Stac
74100,Arpp21
620760,2900079G21Rik
102688,AU023762
235661,Dync1li1
74486,Osbpl10
111186,Stmn1-rs1
73748,Gadl1
207181,Rbms3
27215,Azi2
100502695,Gm17399
54214,Golga4
104099,Itga9
387218,Mir26a-1
18799,Plcd1
235674,Acaa1b
67561,Wdr48
245049,Myrip
76100,5830454E08Rik
67095,Trak1
22354,Vipr1
100502861,Ccdc13
56295,Higd1a
245050,Gask1a
20623,Snrk
102639178,Gm35549
21922,Clec3b
209446,Tfe3
53627,Porcn
51795,Srpx
71458,Bcor
100043946,Gm14635
70495,Atp6ap2
245350,AA414768
236690,Nyx
72018,Fundc1
236727,Slc9a7
382207,Jade3
75974,Dock11
100526512,Mir3110
100504400,Cypt14
20400,Sh2d1a
171170,Mbnl3
50786,Hs6st2
56096,Plac1
75352,Magea13
14168,Fgf13
434784,Ldoc1
15931,Ids
17772,Mtm1
320707,Atp2b3
140571,Plxnb3
56292,Naa10
21372,Tbl1x
13405,Dmd
53310,Dlg3
245536,Gm614
236930,Ercc6l
100124494,Mir421
108672,Zdhhc15
56726,Sh3bgrl
54004,Diaph2
83454,Nxf2
83565,Pramel3
76976,Arxes2
56397,Morf4l2
71248,4933428M09Rik
12738,Cldn2
100499512,Mir3475
19139,Prps1
66240,Kcne1l
209497,Tmem164
18481,Pak3
13193,Dcx
319764,A730046J19Rik
279561,Wnk3
245666,Iqsec2
20591,Kdm5c
52808,Tspyl2
75693,3010001F23Rik
18675,Phex
382252,Bclaf3
237175,Adgrg2
110094,Phka2
107815,Scml2
24004,Rai2
195727,Nhs
108012,Ap1s2
237221,Gemin8
14758,Gpm6b
245695,Tceanc
17692,Msl3
15159,Hccs
66776,Pisd-ps3
236576,Spry3
