patient_id,cluster
G133,group1.1
G135,group1.1
G146,group1.1
G150,group1.1
M74,group1.1
M91,group1.1
G73,group1.1
D151,group1.2
D157,group1.2
D189,group1.2
D190,group1.2
D198,group1.2
D203,group1.2
D210,group1.2
G117,group1.2
G125,group1.2
G85,group1.2
G1,group1.2
G51,group1.2
G97,group1.2
D191,group1.2
D207,group1.2
G122,group2.1
D139,group2.1
G148,group2.1
G23,group2.1
P184,group2.1
G12,group2.1
D205,group2.1
G3,group2.2
G5,group2.2
G76,group2.2
G35,group2.2
P108,group2.2
P157,group2.2
G72,group2.2
P191,group2.2
G45,group2.2
G29,group2.3
G37,group2.3
G38,group2.3
G95,group2.3
P190,group2.3
G90,group2.3
G40,group2.3
G44,group2.3
P059,group2.3
P129,group2.3
P5,group2.3
P152,group2.3
P8,group2.3
B203,group3
B204,group3
G8,group3
G39,group3
G52,group3
G53,group3
G59,group3
G65,group3
G77,group3
G87,group3
D128,group3
P065,group3
P182,group3
D105,group3
D195,group3
D199,group3
D217,group3
