"","Malignant","Myeloid","Oligodendrocytes","Neuron","Astrocyte","Endothelial"
"G12B",0.169393181622772,0.0775796024266728,0.136422513397273,5.5595578260329e-07,2.49223531039608e-07,0.616603897373969
"G12C",0.219633191244703,0.0879422568135791,0.127295123313685,6.60201045309592e-07,0.000191829183996723,0.564936939242991
"G12E",0.142817125341317,0.126508626137055,0.157058145293774,8.21142678308373e-07,8.20947160342147e-07,0.573614461138015
"G23B",0.263310498207561,0.0579372844181457,0.222312156602094,0.04716074211692,6.14583291064086e-07,0.409278704071988
"G23B1",0.311973052597588,0.0667133609168461,0.217694062708468,7.39101198137278e-06,2.15865179272806e-06,0.403609974113323
"G23C",0.249433173010058,0.111060535966722,0.244214440379037,0.00802510441224699,0.00520689782943523,0.382059848402502
"G23F",0.242774979226649,0.0627781867598258,0.273365099487863,0.00239473014723662,2.49277389127864e-06,0.418684511604535
"G29C",0.26201733363757,0.00400572674292264,0.15339105738074,0.053993708920236,8.62828148006911e-07,0.526591310490384
"G29E",0.325670680838224,0.00472503397569058,0.13659799424596,0.0542420124418184,1.09520863907908e-06,0.478763183289668
"G29G",0.361233058963822,0.0322311063972208,0.0918125112998415,0.00662095162829704,6.06542933820975e-07,0.508101765167885
"G29H",0.271015105763981,0.0256864701197748,0.128667700790356,0.0587115601955429,5.05512930679204e-07,0.515918657617414
"G35C",0.071873432037312,0.367049629987807,0.0754975781360763,0.00976977243650941,7.8299037807957e-07,0.475808804411917
"G35D",0.0370599722145496,0.390774459289463,0.0573845915489244,0.001600717905388,3.16732214124875e-07,0.513179942309462
"G35E",0.0166936823113306,0.492570355329759,0.0242349123716117,8.12135789250799e-07,2.76967158187867e-07,0.466499960884351
"G37H",0.318592431082336,0.0501574722135486,0.233469693650888,0.0243468270587838,0.0117645271802892,0.361669048814155
"G37J",0.377221138954535,0.0239434329702788,0.264171168146575,0.0277347058377784,0.00468092283098172,0.302248631259851
"G39F",0.0887901082029469,0.00276905838377493,0.167937639824985,0.225243648706538,0.00370021814040375,0.511559326741351
"G39G",0.106878581616778,0.0052222319897472,0.171897824742774,0.166892989718685,0.0172655819544429,0.531842789977573
"G40A",0.183160039105135,0.157967684562442,0.0369482149558606,2.10721620667018e-07,1.9648565651865e-07,0.621923654169286
"G40D",0.210934456117179,0.120256123780389,0.0411026344187942,2.63010817140703e-07,1.45027003743166e-07,0.627706377645817
"G40E",0.0632106690624692,0.173406781744806,0.123817534632024,0.117058554889026,1.47973154781341e-06,0.522504979940127
"G40F",0.13948656006847,0.176433105907812,0.0759242285674829,3.19100725971101e-07,1.53474306718155e-07,0.608155632881202
"G40I",0.133583811731002,0.140319059299081,0.0221813407141254,2.25277510520757e-07,1.6369230843502e-07,0.703915399285973
"G40K",0.125906659634575,0.209563352616927,0.0697104398501868,5.21176742051257e-07,2.85213494572175e-07,0.594818741508075
"G40M",0.114794967774846,0.207997150908032,0.0937094165512886,4.02143805114246e-07,2.89937203461378e-07,0.583497772684825
"G44A",0.331372171433616,0.0610770634761867,0.0393741837961029,2.74545722812165e-07,1.67130657017418e-07,0.568176139617715
"G44F",0.253278958440695,0.0596340902286885,0.144634444313099,9.02649274273086e-07,6.40698013742847e-07,0.542450963670229
"G44G",0.247218943418602,0.172604957170602,0.076652877741667,2.94296879156238e-07,1.90698614670639e-06,0.503521020386103
"G45H",0.179490853070183,0.108030175672115,0.151102595413829,1.59091831661686e-06,3.14998819332065e-07,0.561374469926737
"G45K",0.262410642733304,0.0352069139441565,0.159488988580827,1.01063584321247e-06,1.66862870017329e-05,0.542875757818867
"G45L",0.0897613652484567,0.192518830193369,0.21593182082341,9.12171139314261e-07,0.00173186717087198,0.500055204392753
"G45M",0.154411792814621,0.04900385465891,0.299059890650482,0.00406546430613109,3.42201428196647e-07,0.493458655368428
"G52B",3.51690079950516e-07,0.00037429819936288,0.297540220360543,0.34800882571537,0.0201352495988449,0.333941054435799
"G52C",4.18508365965287e-07,2.30244022341403e-06,0.687730759769451,0.0923789552219313,6.52754834319225e-05,0.219822288576597
"G52D",0.156699723645411,0.0523442918857585,0.393897806390202,0.00240683909155732,0.00229695142117705,0.392354387565894
"G52E",0.244580374736511,0.0813853763099635,0.217718857724897,0.00154108688344893,5.46503323184005e-06,0.454768839311948
"G52F",4.61983514279309e-07,8.69663845252059e-05,0.5143269697875,0.19637036975839,0.0188987901245778,0.270316441961492
"G52H",0.279626579553237,0.0698210179659948,0.144580124716041,0.000457615870700573,6.19700546806742e-07,0.505514042193479
"G52J",2.17825531872618e-05,0.13495017870415,0.432996121529779,3.91688083999528e-07,0.0106931050980416,0.421338420426759
"G53A",0.0282121946915487,0.551963709454336,0.00317062504732236,2.97736732158408e-07,0.0184300842399053,0.398223088830155
"G53B",0.0800936262872286,0.101903014215705,0.296385872022692,0.0500054343958988,0.109755914735478,0.361856138342997
"G53C",6.92762691649975e-07,0.00334633396458383,0.184809916266372,0.471468634170265,0.0472927928637262,0.293081629972361
"G53D",0.329160983033947,0.100045410448581,0.11648843242053,0.035342845769521,0.0191071711709581,0.399855157156463
"G53F",0.0422362122293789,0.28905402404039,0.122955824490255,0.0179089875308619,0.0573756759409151,0.470469275768199
"G53J",0.140906745420272,0.139312051789105,0.10583549519119,0.0292649904468279,0.0541695744988028,0.530511142653803
"G59B",0.185578448969484,0.00780620711042013,0.154007528045767,0.0415156071816454,0.091994862366553,0.51909734632613
"G59E",0.20723654344414,0.00985374583928925,0.179834537859306,0.0630880492710081,0.0767315622182767,0.46325556136798
"G59F",0.11902707137904,0.0202332979124257,0.153264955289866,0.0659953422459143,0.0704515297096203,0.571027803463134
"G59H",0.194742548836204,0.0255751045534531,0.153995457674923,0.0658790706917814,0.0709444378514506,0.488863380392188
"G59I",0.207701976545445,0.0362186979297002,0.156068550913875,0.0512067166071416,0.0308517143596011,0.517952343644237
"G59L",0.221164957268889,0.00701064691960925,0.160502572637964,0.0925107819128598,0.0173402298966313,0.501470811364046
"G5B",0.150702094172209,0.202428438538019,0.167368498588324,9.3637978194079e-07,1.04019513348007e-06,0.479498992126533
"G5C",0.117684577244743,0.205797347784766,0.163146480526032,0.0271579904006443,7.14557017895516e-07,0.486212889486797
"G5D",0.236876199079937,0.157776711817824,0.0859847015416884,1.345695322681e-06,2.14081324363009e-07,0.519360827783904
"G5F",0.0138524317130585,0.236709178139387,0.277363697045811,3.08277100109355e-07,7.55912671392448e-07,0.472073628911972
"G5G",0.173482544449532,0.141027195369544,0.0931297689709565,6.50159056912946e-07,2.13919349175184e-07,0.592359627131561
"G5I",0.12062920087585,0.213721203584131,0.104029301807324,6.1334651742562e-06,7.20288832549838e-07,0.561613439978689
"G65A",3.66075291039741e-07,0.770578049971484,0.0538064401739784,2.39941223132078e-07,1.47901335858227e-06,0.175613424824665
"G65C",0.260584256924893,0.157129217617992,0.0866482990939894,5.65537507996291e-06,0.0482074894383537,0.447425081549692
"G67C",0.0415540742680966,0.174580189543859,0.267921841964354,0.0703228962229437,0.00180300999544319,0.443817988005303
"G67F",0.262057743300413,0.121282236453075,0.0541086515718303,4.81998640382123e-07,7.21025652922978e-07,0.562550165650388
"G72A",0.130904179138326,0.283613510494926,0.0796417695272182,4.39905231098965e-07,0.000858809463362899,0.504981291470937
"G77B",0.391092957512304,0.00643310338660283,0.179377058324208,0.0105046804394074,6.89877330786089e-07,0.412591510460147
"G77C",0.346245879653068,0.0229179346092474,0.145969987291116,0.0030148060845355,8.27084965450778e-07,0.481850565277067
"G77F",0.293800891146861,0.0196586382332111,0.18153906810268,0.0310577007712937,8.50592970343296e-07,0.473942851152984
"G77H",0.301018494714225,0.0286476141584867,0.163045159413754,1.82948308690237e-06,1.67696597217704e-06,0.507285225264475
"G77I",0.325296499313982,0.0265871139216475,0.156192030035435,0.000136792610331993,6.76657690745613e-07,0.491786887460913
"G77J",0.168969692180576,0.116139215134214,0.172570261062854,1.16625395730051e-06,1.04221707682266e-06,0.542318623151322
"G85I",0.395404016810767,0.0766619850906281,0.038241310403684,3.08931833035074e-07,0.0215871412767889,0.468105237486299
"G87A",6.81286043308708e-07,4.53474314770589e-06,0.32074857438978,0.365682354977892,0.0744110186662116,0.239152835936925
"G87J",0.0693461855378187,0.00323539738044392,0.237162652455805,0.255470807374166,0.0601697524316436,0.374615204820122
"G8A",0.394293568046586,0.0212682827861747,0.167995319156345,7.78727334960541e-07,3.3877908840312e-07,0.41644171250447
"G8C",0.299127080133744,0.0555318901781169,0.177122226717234,3.59155420235991e-07,3.03756222539662e-07,0.468218140059262
"G8G",2.88141527096349e-07,1.11849925274071e-06,0.184462339624362,0.569321780324949,2.07002894081895e-07,0.246214266407016
"G90D",0.435222099971173,0.0555131846440342,0.146153879666812,0.00608768577869382,0.0130008318047623,0.344022318134525
"G95E",0.130541908072447,0.00665335274868511,0.17759386942929,0.129807924236115,0.0756921416571549,0.479710803856308
"G95F",0.0971302229225206,0.00192496647772684,0.193773923616098,0.180983926842368,0.06425615179415,0.461930808347136
"G97E",0.308895416720535,0.0957032962141733,0.0666094849480909,1.99539032634883e-06,0.00657933530695138,0.522210471419923
"G97H",0.223001294714136,0.197337574175002,0.0338196710495415,1.63257567340006e-07,0.000733832559586112,0.545107464244167
"G97I",0.255324187990871,0.141798276420892,0.0633118582331807,2.19514948800712e-07,1.81525600162954e-06,0.539563642584106
"M20A",0.232559054200985,0.162546438273747,0.0558548660004288,3.17546876175933e-07,7.73784383724773e-07,0.549038550193578
"M20B",0.234108158098276,0.124399962422166,0.0669624856171502,2.83176652942156e-07,2.10666141865635e-07,0.574528900019612
"M20C",6.96496058437445e-07,0.0056871863454791,0.390534584471627,0.249613872998075,3.16916033367736e-06,0.354160490528427
"M20D",0.126484683991474,0.131782546366668,0.235685772477869,2.81907657763997e-07,2.12710536558872e-07,0.506046502545795
"M24B",0.224159249284211,0.116153687734615,0.0546044106262557,4.43735536910849e-07,6.05581667650608e-07,0.605081603037714
"M24C",0.0282496091122673,0.2468967636062,0.155442650058887,2.44775962961935e-07,1.74065154678899e-07,0.569410558381529
"M24E",0.161153716722161,0.191473231804393,0.106158780707533,2.66381108023854e-07,8.46048382587919e-07,0.541213158336423
"M24F",0.166710759679242,0.169921210440833,0.0613220932120436,2.87136478032054e-07,2.09641806524803e-07,0.602045439889596
"M95B",0.21941245912294,0.136310503668018,0.0753660435657255,5.02351341479475e-07,0.0505138287089378,0.518396662583037
"M95C",0.0307394353127528,0.340930373991438,0.127060026672312,4.03401180366851e-07,0.026975612344287,0.47429414827803
"M95F",0.109957118508103,0.239123157037053,0.0487283866365236,0.0367230901559167,0.019429580726504,0.546038666935899
"P059_112194",2.60579450402254e-07,0.0775891989264358,0.342055462861386,0.202395348660414,8.08856658136453e-07,0.377958920115656
"P059_112327",2.40483848879795e-07,0.149672970583121,0.450694864673534,1.96048143865454e-07,0.00603762939109264,0.393594098820259
"P108_358411",0.17164533799887,0.167665718836821,0.160969727393746,1.66944328811654e-06,1.23307693175199e-06,0.499716313250343
"P129_375688",0.132397375648998,0.0301001672042125,0.0894629702182301,0.132459273311742,0.0141990494649556,0.601381164151861
"P129_375970",0.00828057939010394,0.0357730370833989,0.308446958118514,0.136560047168283,0.0302717915784919,0.480667586661208
"P129_375973",0.184864031324518,0.0206622962270985,0.0995840912390852,0.0521253192197915,0.0135581527672129,0.629206109222294
"P129_376050",0.10740863675886,0.0089656769516713,0.115490063753887,0.0680177001097482,0.0446868478483811,0.655431074577453
"P129_376085",0.0295637142311725,0.038358116226775,0.286791974725102,0.0011793194010342,2.52012307808845e-06,0.644104355292838
"P129_376165",0.130177559976344,0.0351280013294369,0.0923000736890291,0.118177578074698,0.00428745687290491,0.619929330057586
"P129_376176",0.126814069577361,0.0180923903799611,0.100134768757525,0.0819659595003504,0.0182771752394161,0.654715636545386
"P129_376304",0.123115850087459,0.100922603209459,0.100470420252822,5.16523785911925e-07,0.010761458277853,0.664729151648621
"P129_376322",0.0595665103690688,0.0559755251166075,0.181426014124155,0.0517171990965459,0.0300556770411568,0.621259074252466
"P152_374528",0.350077100300202,0.0696954343216584,0.0789568128647205,6.10036852209302e-07,4.61008091276045e-07,0.501269581468476
"P152_387720",1.21656141469031e-06,0.0196522024177628,0.304944455071481,0.289381198743856,0.0277409826737092,0.358279944531776
"P152_387930",0.331155203202667,0.0569687406047829,0.086548334015456,3.73628390652023e-07,0.000176554879559702,0.525150793669143
"P152_387947",0.345672364385513,0.0838929355806369,0.0851688999528007,0.000964755520906514,0.00618687734777448,0.478114167212369
"P152_387979",0.411152786352711,0.0471348867484375,0.0979068012481088,4.30313099609146e-07,1.05068059892509e-05,0.443794588531654
"P152_388519",0.470067552768493,0.0128338325251693,0.0868699095657234,5.86642073588824e-07,0.00368285184625457,0.426545266652286
"P152_388615",0.309253339919614,0.0585155005504975,0.0991730694590258,7.20674347036571e-07,6.6705556394789e-07,0.533056702340951
"P184_285504",0.330068724472079,0.0721693125194422,0.095928793081462,4.62754678261212e-05,0.0003274716120034,0.501459422847188
"P184_285527",8.36694271988751e-07,0.00749764275863484,0.219721757431008,0.285729719990356,0.0188551046527783,0.468194938472951
"P190_359227",0.0889012197520041,0.230863214974983,0.12978541431664,4.5856660246577e-07,0.00862982956008678,0.541819862829683
"P190_359261",5.3850262924712e-07,0.0185845175055124,0.218270036775478,0.412727299933744,0.000121654371743791,0.350295952910893
"P190_359287",8.49647784629928e-07,0.101113154853255,0.180316991846629,0.241447658207544,0.00949302176131333,0.467628323683474
"P190_359313",1.47894943990403e-06,0.0931477939325135,0.28095998073792,0.140143275453917,0.0199444929221694,0.46580297800404
"P190_359388",3.15611945197779e-06,0.0433387553419177,0.156815972218348,0.302039593614649,0.0339928771914547,0.463809645514179
"P191_41114",0.128120437878926,0.178928202709527,0.0645585058768536,0.0286571890951432,0.00727713444589166,0.592458529993658
"P191_41126",0.0371414831568375,0.317493065808363,9.42830277306777e-07,2.06902390443548e-07,2.98446857678911e-07,0.645364002855274
"P191_41133",0.111591995625238,0.169428386129545,0.10569934145074,0.0583484030071434,0.000414747102986257,0.554517126684347
"P191_42407",0.0586614906296988,0.285163796994393,2.22382775419107e-06,1.73558559477173e-07,1.81615943608665e-07,0.656172133373651
"P232_388048",0.171226747346903,0.123677210741724,0.222853400326983,6.52399399491909e-07,1.7829186185016e-05,0.482224159998805
"P232_388050",0.10057265399761,0.156432831590331,0.287306384769221,1.82887633443661e-06,1.38300752014237e-05,0.455672470691303
"P232_388140",0.190747267918765,0.11257829494598,0.276696836048273,0.00292750465890221,8.05106227962461e-06,0.4170420453658
"P232_388151",0.178119043863861,0.0873264994643885,0.243370190054505,2.31159398340499e-06,1.03911749951513e-06,0.491180915905762
"P241_387864",0.287444087112455,0.039614096910729,0.0664598044642913,1.77481925477932e-07,7.35550110514801e-07,0.60648109848049
"P241_387872",0.208281475847174,0.0735279835123701,0.0573960943705771,3.50157275733096e-07,6.39669426196236e-07,0.660793456443177
"G51A",0.515067083760981,8.37967494602878e-05,0.164606012731189,0.0189702779137756,5.95125163832008e-07,0.30127223371943
"G51C",0.361332946623129,0.0943058788101339,0.144684855348589,0.00715124353019594,4.28904225310046e-07,0.392524646783727
"G108E",0.118515776360359,0.30372515091876,0.0545983088558647,3.49778786271014e-07,2.69149490635187e-06,0.523157722591324
"G117B",0.235726744701192,0.147527664476118,0.14196549519895,9.35183273375891e-07,3.38271564062636e-07,0.474778822168903
"G117D",0.368625319345974,0.0643898443944474,0.15554653788602,0.00259264100669079,2.09635515270262e-06,0.408843561011715
"G117F",0.257754966037555,0.110533847086885,0.174640861538119,2.70834009375034e-06,3.83249745282257e-07,0.457067233747602
"G117H",0.193933127016675,0.156617251850865,0.172316789570198,0.00785595745082708,1.44677913731479e-06,0.469275427332298
"G117I",0.334430199090037,0.0778595753920618,0.131955110014621,0.01315256084006,9.57323634485372e-07,0.442601597339585
"G117J",0.308761821031606,0.0466504936728753,0.103481189401769,2.69257422907504e-06,0.00335081473829702,0.537752988581223
"G117K",0.356855768758134,0.0390064875217379,0.143919082311911,0.00572334857641196,6.44787586872083e-07,0.454494668044218
"G132B",0.357018198752419,0.0993108222252758,0.0696844689926058,0.00902376365917385,4.93221295154187e-07,0.464962253149231
"G135I",0.344898053618055,0.0179010390941579,0.0499465670480224,4.31767709255938e-07,4.91955625867281e-07,0.587253416516429
"G146B",0.146446111973218,0.28468608799208,2.30179098520424e-06,3.11192543297019e-07,8.50046576143632e-07,0.568864337004597
"G146G",0.37841297461642,0.0515150687946771,0.0508795427028467,0.00142621547758562,4.05617548840549e-07,0.517765792790921
"G148I",0.133825056269848,0.195293035227583,0.103990582329406,6.42709635154958e-07,0.034404210929473,0.532486472534056
"G148L",0.124548396784261,0.079283217086353,0.0907532991284952,0.0745822690390724,0.068615478927878,0.562217339033941
"M74G",0.338136291942942,0.0389917552864097,0.0397343543979202,3.13687748682053e-07,3.02318694330606e-07,0.583136982366286
"M91H",0.00784499249685637,0.154444247680316,0.289646364146434,0.0104325394396633,0.0287828277919815,0.508849028444749
"M115B",0.40171169429752,0.0172003373998107,0.0501537480237976,2.6380531496935e-07,6.75927223645643e-07,0.530933280546334
"M115D",0.41026268749583,0.0387474427830812,0.0422718959381079,2.61932660198652e-07,3.34042631458421e-07,0.508717377807689
"M115E",0.389131239265993,0.0287572833607421,0.0591944077962177,0.00452328929778718,4.26077427157973e-07,0.518393354201833
"M115I",0.303999076163646,0.0752741332006845,0.0420607823194298,2.66562276082811e-07,2.52714610516885e-07,0.578665489039352
"R189F",0.251201700826484,0.139356018796286,0.0607432835757617,5.52750006796012e-07,9.96061285385601e-07,0.548697447990176
"R189J",7.96982606870503e-07,0.00736027212108388,0.199752839948856,0.324887321849964,0.023196265958733,0.444802503138757
"R189L",0.296097122414788,0.147075455523466,0.036762758488263,3.57204003815266e-07,2.44079411684715e-07,0.520064062290068
"R190.1H",6.61704208496243e-07,0.214013924123352,0.159692127003938,0.12825559888009,0.0230682310696495,0.474969457218762
"R190.1J",6.43456477659874e-07,0.0110151839119113,0.190326588178191,0.442201623433997,2.1069222600531e-06,0.356453854097163
"R190.1N",0.282119010719489,0.0584110689946828,0.113540958713961,5.09479333882516e-07,1.05226725000401e-06,0.545927399825284
"R190.1P",0.252452718543798,0.0697163245328804,0.0944302039443478,0.0131949013534462,0.00198389467782238,0.568221956947705
"R190.1R",8.00780187423783e-07,0.0924342274873269,0.36080903424736,0.0830728455665752,0.027290139129163,0.436392952789388
"R190.2K",8.76755865917024e-07,0.042692499204797,0.441101596022442,0.0735729424510972,0.0311191896629543,0.411512895902843
"R190.2L",0.0617102273354125,0.349456562274805,0.0134106769669995,4.18677311433038e-07,8.19627951519571e-07,0.57542129511752
"R190.2N",0.159460391978458,0.157936075548408,0.0601003017479657,0.0328809600820214,1.69112978832834e-06,0.589620579513358
"R190.2O",0.0484818366888709,0.418652353013376,0.0108430600081641,2.97109791665732e-07,3.77442800357835e-07,0.522022075736997
"R191A",0.354707623822619,0.0408820099395045,0.0967967365520329,4.07406901230866e-06,8.58211472771751e-07,0.507608697405358
"R191E",0.433979459041269,0.00371455440682732,0.0785986051609763,0.0125452502053316,0.000372274236270385,0.470789856949325
"R191G",0.353523399099517,0.0318451597828704,0.0942013500522747,0.0133683861802706,0.000117111645208603,0.506944593239859
"R198G1",0.196235761981904,0.269101151084342,0.0898625688750483,2.74466259204367e-07,9.92915379299159e-07,0.444799250677067
"R198I1",0.287348622463538,0.115848500494063,0.0483993309496116,3.09009304243895e-07,2.40093587431561e-07,0.548402996989895
"R198J",0.276627975015784,0.122783286038543,0.0424135497340111,6.73370619312958e-07,4.17369601439237e-07,0.558174098471441
"R198M1",0.125949834526426,0.114642211030834,0.336034044231573,4.06225150687226e-07,0.00420827791387015,0.419165226072146
"R203B1",7.4911302942408e-07,0.0241581329209446,0.297111172903894,0.190447861081226,0.050956311602056,0.43732577237885
"R203C",3.65991938162233e-07,0.940599704680914,5.61976393989559e-07,2.50902299427793e-07,2.59120418655439e-07,0.059398857328036
"R203D1",0.121210866059587,0.0302623698900879,0.279351685861677,0.0989394339664203,0.0157097532320969,0.454525890990131
"R203G1",0.15833971888438,0.056961050604385,0.153283846117454,0.0586970786028273,5.51967480978744e-06,0.572712786116144
"R203H",0.0128284412698765,0.111490025086829,0.390350325175392,0.0179255735528729,0.00705855911913844,0.460347075795891
"R203I1",0.158064807251318,0.0920834080931697,0.214088360040213,2.55813757315765e-07,0.000577771815180891,0.535185396986361
"R205J",0.0178852736020826,0.287254391606284,0.181188787038148,5.33458675906572e-07,7.00981830260631e-05,0.513600916111784
"R216J",0.19298060564683,0.0557245366733202,0.127150265420871,0.0295420433657967,3.06655427605082e-06,0.594599482338905
"R216O1",5.44154662103521e-07,2.60142755227999e-06,0.241880431896046,0.480384582257783,8.4710485511449e-07,0.277730993159101
"R217B",0.127400776095293,0.0473830718965521,0.184797637013901,0.152274989265463,1.63055039076037e-06,0.488141895178401
"R217C",0.0353805694313761,0.0799434534930249,0.162565526170963,0.233928611076526,0.000312063773494978,0.487869776054614
"R217D",0.141709910767076,0.0532198159837685,0.214959729867394,0.120005672454638,1.33581751536597e-06,0.470103535109608
"R217H1",6.4090144999894e-07,3.83230167183941e-06,0.16872602691725,0.530935924168541,1.29125066102087e-05,0.300320663204477
"R217O",0.000488324148090729,0.302213921596993,0.255184141362909,5.61951996455378e-07,0.0088895088605239,0.433223542079488
"R207Q",0.163587363501628,0.203814340008164,0.0439357183637353,7.41672280587479e-07,4.58697987712434e-07,0.588661377756204
"R210.1I",0.100393428389249,0.165331003728793,0.248987644082621,9.21580737394996e-07,5.93451632788362e-07,0.485286408766967
"R210.1L",0.268218795116321,0.0797804540236423,0.213394753394244,2.61269279895869e-06,1.74117024177474e-06,0.438601643602752
"R210.2D",0.13041480368182,0.198548752586703,0.0899314067612537,2.78412618949212e-07,0.00219697639117378,0.578907782166431
"R210.2F",0.202221138373576,0.10494538401808,0.122246390096454,3.62809787667853e-07,0.000824091795061075,0.569762632907041
"R210.2H",0.0359847188972776,0.30237830224971,0.0133763996968252,0.00205743787160286,0.00323608417472561,0.642967057109858
"R210.2K",0.0410142913386374,0.196643008661,0.213449115363553,3.52851637979127e-07,0.0216103923256751,0.527282839459497
"R214.1B",8.32399229759348e-07,0.0204148200464448,0.178550128356387,0.449726408047422,0.0121267001771336,0.339181110973383
"R214.1C",2.76992388792669e-06,0.0619844671132469,0.224774404580316,0.184947579430606,0.0428482927422948,0.485442486209648
"R105D",0.0150268820855678,0.495379019625804,0.118851446531207,6.62111146882762e-07,0.0017081792332985,0.369033810412975
"R105I",0.0610831885556674,0.376380375905366,0.132567767326874,2.44586984538507e-07,5.28965707081963e-07,0.429967894659401
"R137B",0.0798845147129844,0.164885808997149,0.117925592052529,0.0584382819153364,2.23462023015897e-06,0.578863567701772
"R137C",0.0247011182906323,0.395823096224634,5.62614767592704e-07,3.07761916418278e-07,2.11602061018241e-07,0.579474703505989
"R139E",0.000130093029175054,0.32075181226645,0.163898029484819,0.0316030411799118,0.0235507281394075,0.460066295900236
"R139H",0.0291205789764655,0.47668243020898,0.0540177268916159,3.03801234116213e-07,0.0179476052132993,0.422231354908405
"R139I",0.0456033630341927,0.525358721903151,0.0160529150224474,3.02783881478188e-07,0.00803636303122382,0.404948334225103
"R151E",0.0803677370401043,0.142066728802564,0.328949605807603,0.00392985101453257,7.40928641075948e-07,0.444685336406555
"R151J",0.111689261186433,0.424877504838878,0.00888797595829502,0.0375701692500213,0.307261659291657,0.109713429474716
"R151K",0.231899847389466,0.0604300943830873,0.355196873363104,0.00442597643594685,1.762450051487e-06,0.348045445978345
"R157C",0.177867981014125,0.26983833030637,0.02615438379856,1.27019086490138e-06,4.34268645620965e-07,0.526137600421435
"R157D",0.248573614701651,0.182629785909239,0.0289216921683898,4.316520354986e-07,3.98226747462388e-07,0.539874077341938
"R157G",0.176466125099814,0.245987356101585,0.0654716173128129,5.7337925390652e-07,7.35602131899042e-07,0.512073592504401
"R157H",0.171407209827163,0.273688101208233,0.0271354413149148,3.15690788777105e-07,3.23617740787228e-07,0.527768608341159
"R195B",0.100421871952358,0.273490956077396,0.0450266636962372,6.75968646398981e-07,2.10866132731763e-07,0.581059621439229
"R195C",0.0428896055868261,0.297808449633461,0.0926380099747764,2.93096595938098e-07,4.65705389214369e-07,0.566663176002951
"R195E",0.169128755331887,0.160993995626856,0.0695493841085234,0.0132514476389724,3.56321758895394e-07,0.587076060972002
"R195F",0.0623473236558939,0.255753636942267,0.0896083620529937,6.35833144403155e-07,3.24068332018642e-07,0.592289717447369
"R195H",0.0749902318395642,0.327460646486554,0.0596124381134728,2.98770179171604e-07,8.95512869590749e-07,0.53793548927736
"R195I",0.0864539190549939,0.296138463181143,0.0540995877511182,5.15443719815734e-07,7.27437005208195e-07,0.563306787132021
"R128.2D",0.189711809749549,0.123909497062242,0.0411085044804937,2.21694968138731e-07,1.48087045640389e-06,0.645268486142291
"R180.2N",4.46226443323941e-07,0.0455423165287835,0.227012767768821,0.342146683343974,0.0113420968793073,0.373955689252671
"R199.2D",0.0390727521793345,0.106203769957776,0.315251311993624,0.0413842397429125,0.0135240950213358,0.484563831105016
"R199.2I",0.0552721864816126,0.155822734115442,0.287870148595986,5.95728739895022e-07,0.0106076227797131,0.490426712298506
"G122B",0.269225575359201,0.0152275219776078,0.0574719950022421,0.0225678180112708,0.088927314018005,0.546579775631673
"G122F",0.0404966516093418,0.11693728708753,0.103856855963462,0.218697099415444,0.0437267991512827,0.47628530677294
"G125C",0.364317510441456,0.0354262937460655,0.0325672818322395,5.26812872825811e-07,8.42496405072579e-07,0.567687544670961
"G125E",0.277404916679246,0.112091192992431,0.0470943100411592,2.30778863388845e-07,5.51071332396089e-07,0.563408798436968
"G125F",0.325863926254882,0.061298777748617,0.0392723920751603,4.21063228712345e-07,9.05949067968568e-07,0.573563576909044
"G125G",0.358558337094184,0.0339852421453858,0.0351558980079706,3.05835382065231e-07,6.78957539075497e-07,0.572299537959538
"G125H",0.258184858028198,0.116188417124426,0.0736986519502829,3.9604370187753e-07,0.0108246514518419,0.541103025401549
"G125J",0.340937746124141,0.0649917901790756,0.0380962156377923,1.64924526528301e-07,2.75134078488819e-07,0.555973808000386
"G150H",0.118247719778463,0.0602322142870386,0.169533839895079,1.20626043169484e-06,0.0724979126596784,0.57948710711931
"M91E",3.18796977599069e-06,0.117259799050159,0.325321888083478,0.054807224455877,0.0329440239729394,0.469663876467771
"R189D",0.195324729156524,0.291276930767604,0.0523657993348524,3.34814003155146e-07,1.07032018624597e-06,0.46103113560683
"R190.1L",8.48648954390247e-07,0.00205700252036192,0.109698232307814,0.502164937206298,0.0149827002585336,0.371096279058038
"R190.1T",6.6823572975959e-07,0.221593561366901,0.29678288231781,6.69665419001785e-07,0.0136712124266668,0.467951005987472
"R190.1V",5.87539706570104e-07,0.0219984804184446,0.192198025099655,0.382166803123029,0.00227550314492849,0.401360600674236
"R191I",0.294064509203863,0.0268330975713511,0.0898005410991453,0.0562870271633511,6.02246770769788e-07,0.533014222715519
"R205D1",1.85084754090507e-06,0.317824536369109,0.215659401213249,2.93900266368056e-07,2.01256410570496e-06,0.466511905105728
"R205E",8.29226590593273e-07,0.215919450004574,0.394913401064434,4.74595665783137e-07,0.00575851398382774,0.383407331124908
"R217L",0.0740442691045554,0.270153900844037,0.141839505806139,4.78784167099003e-07,0.00251141594877143,0.51145042951233
"R207G",2.72812438954887e-06,0.0400430013087221,0.309305017872911,0.137272551820646,0.00789694251435634,0.505479758358975
"R207K",1.37645718278965e-06,0.0396995813738014,0.47642438172608,0.0876927410246731,0.00256342814119913,0.393618491277064
"R207M",1.96174618979729e-06,0.0697964026873265,0.469916015962554,0.0325112786045095,0.0137586320068072,0.414015708992613
"R207N1",9.1492770128874e-07,0.089479040994132,0.579298486158936,4.09481975385114e-07,0.00178960142789105,0.329431547009364
"R207O",4.7789899250546e-07,0.102235039950303,0.607870455793951,3.87747435603754e-07,1.20286389187104e-06,0.289892435745427
"R207P",0.00620206223189333,0.059515353708699,0.286733350242162,0.0802556773139795,0.0390404336476902,0.528253122855576
"R210.1A",9.25374857451271e-07,0.125591285696203,0.136233340509771,0.203808883986745,0.0512898322716103,0.483075732160813
"R210.1F",0.128179596509693,0.296421690000209,0.0884242942071502,4.54598459948495e-07,6.09271085211427e-06,0.486967871973637
"R210.1G",0.130820215638057,0.188467731934939,0.213290799718161,7.58641749805573e-07,9.54272169082367e-07,0.467419539794925
"R210.1H",7.60085363126502e-07,0.000218497960969436,0.174544523363526,0.447568350490829,0.0045697025749458,0.373098165524366
"R210.1K",0.202168263443985,0.158719653964154,0.198272261407597,6.33433200321276e-07,6.10825647130304e-07,0.440838576925417
"R210.2E",0.0310612253273178,0.206951987830655,0.206472688372073,6.25779473787666e-07,0.0225982076847632,0.532915265005717
"R210.2G",0.189772833228747,0.0683256090769215,0.155970119149197,0.0278887674088125,0.00167786139230465,0.556364809744017
"R214.2B",4.71382770113627e-07,0.108725579065185,0.472264679394813,0.085843431677787,0.0171536603866162,0.316012178092829
"R214.2C",1.89918304863631e-06,0.148238003944787,0.294678049530839,0.113138941089125,0.00308373376285438,0.440859372489347
"R214.2D",0.00621492931235055,0.110821046359867,0.30878028856275,0.138863677292959,1.95057387679843e-06,0.435318107898196
"R105A",3.98345839861219e-06,0.0204560179378707,0.157851353534486,0.347890514219007,0.0284921957293608,0.445305935120876
"R105B",9.13529421748109e-07,0.00195651532177401,0.160525007839542,0.474352402234123,0.014381017881892,0.348784143193247
"R105F",0.0819989437828963,0.308086560436863,0.0264507488950919,3.3906473838734e-07,3.02644045021301e-07,0.583463105176365
"R105J",0.0287620011109847,0.537839255724924,0.0231554587439275,3.44796946762788e-07,0.00228899145646053,0.407953948166756
"R105K",0.0304569877640634,0.32245408590237,0.19072812726209,6.0039299303964e-07,0.00784003886556015,0.448520159812923
"R139D",0.148636999528857,0.390531461901537,0.0161508520278151,3.31112130276647e-07,0.0125041035949244,0.432176251834737
"R151M",0.200693253143386,0.0785352723994503,0.260232337589216,0.0194484785313511,8.50083909274318e-07,0.441089808252687
"R151N",2.93854960340427e-07,0.0295992731099031,0.34339175406416,0.162455221055794,0.00587813912574155,0.458675318789441
"R157A",0.241189187045438,0.214909282937996,0.0262435729804473,7.32441240363091e-07,4.79706228580773e-07,0.517656744888649
"R195G",0.143908755750355,0.260822756090411,0.0127711069649252,3.39835866068991e-07,0.000449017718527297,0.582048023639916
"R128.2C",8.00546213992158e-07,1.22017966805486e-06,0.225117913001298,0.382307289468097,0.0233806136247363,0.369192163179987
"R180.1D",3.89440757943982e-07,0.231109226046067,0.413119610471535,2.62085125581976e-07,1.08786808359774e-06,0.355769424088431
"R180.1E",1.41347591962243e-05,0.17417566787087,0.310160628823772,7.56979958143531e-07,7.35954646019878e-06,0.515641452019744
"R180.1F",2.94085931269134e-07,0.348604248792057,0.223079858926037,2.62183781300812e-07,2.30164252539951e-07,0.428315105847941
"R180.2E",5.44177153831415e-07,0.258726739729969,0.346229209386658,4.56893830283585e-07,0.000740284406747404,0.394302765405641
"R180.2F",0.00137771147441082,0.150869071956258,0.381494042079426,0.00289124478686704,0.00451929671009249,0.458848632992946
"R180.2G",0.12009165641804,0.183579620432976,0.0809829217472925,4.38495537635877e-07,2.18768404246624e-07,0.61534514413775
"R180.2K",9.48748754565328e-07,0.0211731312006796,0.192466008775613,0.380113418346945,0.00156090894851884,0.404685583979489
"R199.1B",0.142442411797943,0.0417702734295076,0.415551937447327,6.22917138254581e-07,0.00581145272687356,0.39442330168121
"R199.1C",0.0478955943665374,0.0372567810869808,0.555913341842198,1.39824093756981e-06,0.0149087910340299,0.344024093429317
"R199.1D",6.12542274173575e-06,0.0667647664348139,0.578593321985514,5.36211817077995e-07,0.017356276548575,0.337278973396538
"R199.1E",0.152210171481687,0.0691770009986085,0.307539640328725,7.72314942398723e-07,0.00158718417173424,0.469485230704303
"R199.1F",0.05444738690241,0.0332175992664155,0.518176526380051,1.32076230276741e-06,0.00734231071508654,0.386814855973734
"R199.1G",0.187168412683772,0.057310546680349,0.256984927027847,5.70608875686263e-07,9.97523933365444e-07,0.498534545475224
"R199.1H",0.206157734189273,0.0981085001035841,0.19032876107706,5.88933629214198e-07,1.50473459561002e-06,0.505402910961858
"R199.2F",0.00943191753708132,0.100485010347485,0.435718992476159,1.1238276444988e-06,0.00775431204719975,0.44660864376443
"R199.2H",0.0763812475269388,0.166616525700323,0.215436128142062,1.79312433932822e-05,0.000210648293316186,0.541337519093967
"R199.2J",0.00537881951150569,0.131129824606647,0.4065257617529,6.57368733409642e-07,0.00398122085502628,0.452983715905187
"G73G",0.202325988218129,0.0888078390501339,0.0270860394702575,1.01625311400708e-06,0.0100305631077694,0.671748553900596
"G117L",0.296760051047965,0.0779256845835888,0.19737739156472,6.37642985112717e-07,0.0188406823431319,0.409095552817609
"G133D",0.395685189350963,0.0374440851412845,0.028605241049946,1.37366563260044e-06,0.0263622319298928,0.511901878862282
"G133H",0.11112699521855,0.248155252251912,6.64233395063774e-05,1.96254729160208e-07,3.43390199303093e-07,0.640650789545103
"M74H",0.238870926118857,0.110475413279913,0.0175300120636227,1.81662347518563e-07,3.16314560657879e-07,0.633123150560699
"R217E",0.114037887809925,0.20210231859962,0.139069408440411,2.19322490711602e-07,2.37663651651459e-07,0.544789928163901
"R105H",0.05316186576665,0.387875893066926,0.00384246579532112,1.13302987728646e-06,0.000811883706953377,0.554306758634273
"R199.2K",2.60455053708462e-05,0.228256413915797,0.308292698185362,2.41338616087472e-07,0.00112609857818528,0.462298502476668
"G122D",0.280316229687527,0.0216702939141296,0.0710780551214491,0.000862261429572135,0.0712413749048806,0.554831784942441
"G122K",0.0628122238812579,0.0525982259254443,0.180030858941743,0.121506096485329,0.0565073904598466,0.526545204306379
"G135A",1.17318171043991e-06,0.114298012404813,0.537998287919905,2.96336194495155e-07,0.0218850865139132,0.325817143643464
"G150A",2.05074350019234e-06,0.00831093124514532,0.503710340731419,0.0299847497075684,0.081887081449196,0.376104846123171
"M91B",0.00212929641771107,0.130789886676233,0.361668329991608,8.83173642942457e-07,0.0733247566969581,0.432086847043847
"R191K",6.55355442011036e-07,0.132574288963925,0.498006020556034,4.28791770742406e-07,2.15000868944761e-06,0.369416456324139
"R191M",5.81512277615349e-06,0.0224078731379638,0.197577643292936,0.188742607213675,5.29073395804158e-06,0.591260770498692
"R205C",8.50027888341862e-07,0.253053517981933,0.31921672175547,3.22977226922739e-07,9.31997466646772e-07,0.427727655260015
"R207L1",5.42980120573952e-07,0.212284810622136,0.504821225112976,2.54482333265686e-07,4.31149313891055e-07,0.282892735653121
"R210.2I",0.177061718578106,0.145288629728782,0.140420680100874,0.116876809445205,0.170617957097073,0.24973420504996
"R210.2J",0.000787753765700518,0.387917815748288,0.0153430590526284,1.80874718765037e-06,1.34069801719136e-05,0.595936155706023
"R180.1I",3.23088525650733e-07,0.256095312601598,0.440231302096051,2.98172484710887e-07,6.64919450417596e-07,0.30367209912189
"R180.1J",6.1042634070327e-07,0.0479456325934446,0.246614100658743,0.100974821679776,0.0427485965571805,0.561716238084515
"R180.1K",7.23333465122455e-07,0.139477241340316,0.300518751847078,0.0477749073812918,0.0025553124780167,0.509673063619832
"R199.2E",0.0022226540861804,0.168245554552405,0.344079129333354,4.78415116698552e-07,0.000474757634623364,0.48497742597832
